sequence,level,type,identifier,name,datatype,multiplicity,domain_name,definition,module,class_term,id,path,semantic_path,abbreviation_path,label_local,definition_local,element,xpath
1,0,C,,Invoice,,1..*,,,syntax,invoice,C0001,/C0001,$.invoice,invoice,,,invoice,
2,1,A,,Invoice Number,Text,1..1,,,syntax,invoice,A0002,/C0001/A0002,$.invoice.invoiceNumber,invoice.invoiceNumber,,,invoice_invoiceNumber,/Invoice/cbc:ID
3,1,A,,Invoice Issue Date,Text,1..1,,,syntax,invoice,A0003,/C0001/A0003,$.invoice.invoiceIssueDate,invoice.invoiceIssueDate,,,invoice_invoiceIssueDate,/Invoice/cbc:IssueDate
4,1,A,,Invoice Type Code,Text,1..1,,,syntax,invoice,A0004,/C0001/A0004,$.invoice.invoiceTypeCode,invoice.invoiceTypeCode,,,invoice_invoiceTypeCode,/Invoice/cbc:InvoiceTypeCode
5,1,A,,Document Currency Code,Text,1..1,,,syntax,invoice,A0005,/C0001/A0005,$.invoice.documentCurrencyCode,invoice.documentCurrencyCode,,,invoice_documentCurrencyCode,/Invoice/cbc:DocumentCurrencyCode
6,1,A,,Tax Accounting Currency Code,Text,0..1,,,syntax,invoice,A0006,/C0001/A0006,$.invoice.taxAccountingCurrencyCode,invoice.taxAccountingCurrencyCode,,,invoice_taxAccountingCurrencyCode,/Invoice/cbc:TaxCurrencyCode
7,1,A,,Value Added Tax Point Date,Text,0..1,,,syntax,invoice,A0007,/C0001/A0007,$.invoice.valueAddedTaxPointDate,invoice.valueAddedTaxPointDate,,,invoice_valueAddedTaxPointDate,/Invoice/cbc:TaxPointDate
8,1,A,,Value Added Tax Point Date Code,Text,0..1,,,syntax,invoice,A0008,/C0001/A0008,$.invoice.valueAddedTaxPointDateCode,invoice.valueAddedTaxPointDateCode,,,invoice_valueAddedTaxPointDateCode,/Invoice/cac:InvoicePeriod/cbc:DescriptionCode
9,1,A,,Payment Due Date,Text,0..1,,,syntax,invoice,A0009,/C0001/A0009,$.invoice.paymentDueDate,invoice.paymentDueDate,,,invoice_paymentDueDate,/Invoice/cbc:DueDate
10,1,A,,Buyer Reference,Text,0..1,,,syntax,invoice,A0010,/C0001/A0010,$.invoice.buyerReference,invoice.buyerReference,,,invoice_buyerReference,/Invoice/cbc:BuyerReference
11,1,A,,Project Reference,Text,0..1,,,syntax,invoice,A0011,/C0001/A0011,$.invoice.projectReference,invoice.projectReference,,,invoice_projectReference,/Invoice/cac:ProjectReference/cbc:ID
12,1,A,,Contract Reference,Text,0..1,,,syntax,invoice,A0012,/C0001/A0012,$.invoice.contractReference,invoice.contractReference,,,invoice_contractReference,/Invoice/cac:ContractDocumentReference/cbc:ID
13,1,A,,Purchase Order Reference,Text,0..1,,,syntax,invoice,A0013,/C0001/A0013,$.invoice.purchaseOrderReference,invoice.purchaseOrderReference,,,invoice_purchaseOrderReference,/Invoice/cac:OrderReference/cbc:ID
14,1,A,,Sales Order Reference,Text,0..1,,,syntax,invoice,A0014,/C0001/A0014,$.invoice.salesOrderReference,invoice.salesOrderReference,,,invoice_salesOrderReference,/Invoice/cac:OrderReference/cbc:SalesOrderID
15,1,A,,Receiving Advice Reference,Text,0..1,,,syntax,invoice,A0015,/C0001/A0015,$.invoice.receivingAdviceReference,invoice.receivingAdviceReference,,,invoice_receivingAdviceReference,/Invoice/cac:ReceiptDocumentReference/cbc:ID
16,1,A,,Despatch Advice Reference,Text,0..1,,,syntax,invoice,A0016,/C0001/A0016,$.invoice.despatchAdviceReference,invoice.despatchAdviceReference,,,invoice_despatchAdviceReference,/Invoice/cac:DespatchDocumentReference/cbc:ID
17,1,A,,Tender Or Lot Reference,Text,0..1,,,syntax,invoice,A0017,/C0001/A0017,$.invoice.tenderOrLotReference,invoice.tenderOrLotReference,,,invoice_tenderOrLotReference,/Invoice/cac:OriginatorDocumentReference/cbc:ID
18,1,A,,Invoiced Object Identifier,Text,0..1,,,syntax,invoice,A0018,/C0001/A0018,$.invoice.invoicedObjectIdentifier,invoice.invoicedObjectIdentifier,,,invoice_invoicedObjectIdentifier,/Invoice/cac:AdditionalDocumentReference[cbc:DocumentTypeCode='130']/cbc:ID
19,1,A,,Buyer Accounting Reference,Text,0..1,,,syntax,invoice,A0019,/C0001/A0019,$.invoice.buyerAccountingReference,invoice.buyerAccountingReference,,,invoice_buyerAccountingReference,/Invoice/cbc:AccountingCost
20,1,A,,Payment Terms,Text,0..1,,,syntax,invoice,A0020,/C0001/A0020,$.invoice.paymentTerms,invoice.paymentTerms,,,invoice_paymentTerms,/Invoice/cac:PaymentTerms/cbc:Note
22,1,C,,Invoice Note,,0..*,,,syntax,invoiceNote,C0022,/C0001/C0022,$.invoice.invoiceNote,invoice.invoiceNote,,,invoiceNote,/Invoice/cbc:Note
23,2,A,,Invoice Note Subject Code,Text,0..1,,,syntax,invoiceNote,A0023,/C0022/A0023,$.invoice.invoiceNote.invoiceNoteSubjectCode,invoice.invoiceNote.invoiceNoteSubjectCode,,,invoice_invoiceNote_invoiceNoteSubjectCode,/Invoice/cbc:Note/@subjectCode
24,2,A,,Invoice Note,Text,1..1,,,syntax,invoiceNote,A0024,/C0022/A0024,$.invoice.invoiceNote.invoiceNote,invoice.invoiceNote.invoiceNote,,,invoice_invoiceNote_invoiceNote,/Invoice/cbc:Note
26,1,C,,Process Control,,1..1,,,syntax,processControl,C0026,/C0001/C0026,$.invoice.processControl,invoice.processControl,,,processControl,/Invoice
27,2,A,,Business Process Type,Text,0..1,,,syntax,processControl,A0027,/C0026/A0027,$.invoice.processControl.businessProcessType,invoice.processControl.businessProcessType,,,invoice_processControl_businessProcessType,/Invoice/cbc:ProfileID
28,2,A,,Specification Identifier,Text,1..1,,,syntax,processControl,A0028,/C0026/A0028,$.invoice.processControl.specificationIdentifier,invoice.processControl.specificationIdentifier,,,invoice_processControl_specificationIdentifier,/Invoice/cbc:CustomizationID
30,1,C,,Preceding Invoice Reference,,0..*,,,syntax,precedingInvoiceReference,C0030,/C0001/C0030,$.invoice.precedingInvoiceReference,invoice.precedingInvoiceReference,,,precedingInvoiceReference,/Invoice/cac:BillingReference/cac:InvoiceDocumentReference
31,2,A,,Preceding Invoice Reference,Text,1..1,,,syntax,precedingInvoiceReference,A0031,/C0030/A0031,$.invoice.precedingInvoiceReference.precedingInvoiceReference,invoice.precedingInvoiceReference.precedingInvoiceReference,,,invoice_precedingInvoiceReference_precedingInvoiceReference,/Invoice/cac:BillingReference/cac:InvoiceDocumentReference/cbc:ID
32,2,A,,Preceding Invoice Issue Date,Text,0..1,,,syntax,precedingInvoiceReference,A0032,/C0030/A0032,$.invoice.precedingInvoiceReference.precedingInvoiceIssueDate,invoice.precedingInvoiceReference.precedingInvoiceIssueDate,,,invoice_precedingInvoiceReference_precedingInvoiceIssueDate,/Invoice/cac:BillingReference/cac:InvoiceDocumentReference/cbc:IssueDate
34,1,C,,Seller,,1..1,,,syntax,seller,C0034,/C0001/C0034,$.invoice.seller,invoice.seller,,,seller,/Invoice/cac:AccountingSupplierParty/cac:Party
35,2,A,,Seller Name,Text,1..1,,,syntax,seller,A0035,/C0034/A0035,$.invoice.seller.sellerName,invoice.seller.sellerName,,,invoice_seller_sellerName,/Invoice/cac:AccountingSupplierParty/cac:Party/cac:PartyLegalEntity/cbc:RegistrationName
36,2,A,,Seller Trading Name,Text,0..1,,,syntax,seller,A0036,/C0034/A0036,$.invoice.seller.sellerTradingName,invoice.seller.sellerTradingName,,,invoice_seller_sellerTradingName,/Invoice/cac:AccountingSupplierParty/cac:Party/cac:PartyName/cbc:Name
37,2,A,,Seller Identifier,Text,0..*,,,syntax,seller,A0037,/C0034/A0037,$.invoice.seller.sellerIdentifier,invoice.seller.sellerIdentifier,,,invoice_seller_sellerIdentifier,/Invoice/cac:AccountingSupplierParty/cac:Party/cac:PartyIdentification/cbc:ID
38,2,A,,Seller Legal Registration Identifier,Text,0..1,,,syntax,seller,A0038,/C0034/A0038,$.invoice.seller.sellerLegalRegistrationIdentifier,invoice.seller.sellerLegalRegistrationIdentifier,,,invoice_seller_sellerLegalRegistrationIdentifier,/Invoice/cac:AccountingSupplierParty/cac:Party/cac:PartyLegalEntity/cbc:CompanyID
39,2,A,,Seller VAT Identifier,Text,0..1,,,syntax,seller,A0039,/C0034/A0039,$.invoice.seller.sellerVatIdentifier,invoice.seller.sellerVatIdentifier,,,invoice_seller_sellerVatIdentifier,/Invoice/cac:AccountingSupplierParty/cac:Party/cac:PartyTaxScheme/cbc:CompanyID
40,2,A,,Seller Tax Registration Identifier,Text,0..1,,,syntax,seller,A0040,/C0034/A0040,$.invoice.seller.sellerTaxRegistrationIdentifier,invoice.seller.sellerTaxRegistrationIdentifier,,,invoice_seller_sellerTaxRegistrationIdentifier,/Invoice/cac:AccountingSupplierParty/cac:Party/cac:PartyTaxScheme[cac:TaxScheme/cbc:ID!='VAT']/cbc:CompanyID
41,2,A,,Seller Additional Legal Information,Text,0..1,,,syntax,seller,A0041,/C0034/A0041,$.invoice.seller.sellerAdditionalLegalInformation,invoice.seller.sellerAdditionalLegalInformation,,,invoice_seller_sellerAdditionalLegalInformation,/Invoice/cac:AccountingSupplierParty/cac:Party/cac:PartyLegalEntity/cbc:CompanyLegalForm
42,2,A,,Seller Electronic Address,Text,0..1,,,syntax,seller,A0042,/C0034/A0042,$.invoice.seller.sellerElectronicAddress,invoice.seller.sellerElectronicAddress,,,invoice_seller_sellerElectronicAddress,/Invoice/cac:AccountingSupplierParty/cac:Party/cbc:EndpointID
44,2,C,,Seller Postal Address,,1..1,,,syntax,sellerPostalAddress,C0044,/C0001/C0034/C0044,$.invoice.seller.sellerPostalAddress,invoice.seller.sellerPostalAddress,,,sellerPostalAddress,/Invoice/cac:AccountingSupplierParty/cac:Party/cac:PostalAddress
45,3,A,,Seller Address Line1,Text,0..1,,,syntax,sellerPostalAddress,A0045,/C0044/A0045,$.invoice.seller.sellerPostalAddress.sellerAddressLine1,invoice.seller.sellerPostalAddress.sellerAddressLine1,,,invoice_seller_sellerPostalAddress_sellerAddressLine1,/Invoice/cac:AccountingSupplierParty/cac:Party/cac:PostalAddress/cac:AddressLine/cbc:Line
46,3,A,,Seller Address Line2,Text,0..1,,,syntax,sellerPostalAddress,A0046,/C0044/A0046,$.invoice.seller.sellerPostalAddress.sellerAddressLine2,invoice.seller.sellerPostalAddress.sellerAddressLine2,,,invoice_seller_sellerPostalAddress_sellerAddressLine2,/Invoice/cac:AccountingSupplierParty/cac:Party/cac:PostalAddress/cbc:AdditionalStreetName
47,3,A,,Seller Address Line3,Text,0..1,,,syntax,sellerPostalAddress,A0047,/C0044/A0047,$.invoice.seller.sellerPostalAddress.sellerAddressLine3,invoice.seller.sellerPostalAddress.sellerAddressLine3,,,invoice_seller_sellerPostalAddress_sellerAddressLine3,/Invoice/cac:AccountingSupplierParty/cac:Party/cac:PostalAddress/cac:AddressLine/cbc:Line
48,3,A,,Seller City,Text,1..1,,,syntax,sellerPostalAddress,A0048,/C0044/A0048,$.invoice.seller.sellerPostalAddress.sellerCity,invoice.seller.sellerPostalAddress.sellerCity,,,invoice_seller_sellerPostalAddress_sellerCity,/Invoice/cac:AccountingSupplierParty/cac:Party/cac:PostalAddress/cbc:CityName
49,3,A,,Seller Post Code,Text,1..1,,,syntax,sellerPostalAddress,A0049,/C0044/A0049,$.invoice.seller.sellerPostalAddress.sellerPostCode,invoice.seller.sellerPostalAddress.sellerPostCode,,,invoice_seller_sellerPostalAddress_sellerPostCode,/Invoice/cac:AccountingSupplierParty/cac:Party/cac:PostalAddress/cbc:PostalZone
50,3,A,,Seller Country Subdivision,Text,0..1,,,syntax,sellerPostalAddress,A0050,/C0044/A0050,$.invoice.seller.sellerPostalAddress.sellerCountrySubdivision,invoice.seller.sellerPostalAddress.sellerCountrySubdivision,,,invoice_seller_sellerPostalAddress_sellerCountrySubdivision,/Invoice/cac:AccountingSupplierParty/cac:Party/cac:PostalAddress/cbc:CountrySubentity
51,3,A,,Seller Country Code,Text,1..1,,,syntax,sellerPostalAddress,A0051,/C0044/A0051,$.invoice.seller.sellerPostalAddress.sellerCountryCode,invoice.seller.sellerPostalAddress.sellerCountryCode,,,invoice_seller_sellerPostalAddress_sellerCountryCode,/Invoice/cac:AccountingSupplierParty/cac:Party/cac:PostalAddress/cac:Country/cbc:IdentificationCode
53,2,C,,Seller Contact,,0..1,,,syntax,sellerContact,C0053,/C0001/C0034/C0053,$.invoice.seller.sellerContact,invoice.seller.sellerContact,,,sellerContact,/Invoice/cac:AccountingSupplierParty/cac:Party/cac:Contact
54,3,A,,Seller Contact Point,Text,0..1,,,syntax,sellerContact,A0054,/C0053/A0054,$.invoice.seller.sellerContact.sellerContactPoint,invoice.seller.sellerContact.sellerContactPoint,,,invoice_seller_sellerContact_sellerContactPoint,/Invoice/cac:AccountingSupplierParty/cac:Party/cac:Contact/cbc:Name
55,3,A,,Seller Contact Telephone Number,Text,0..1,,,syntax,sellerContact,A0055,/C0053/A0055,$.invoice.seller.sellerContact.sellerContactTelephoneNumber,invoice.seller.sellerContact.sellerContactTelephoneNumber,,,invoice_seller_sellerContact_sellerContactTelephoneNumber,/Invoice/cac:AccountingSupplierParty/cac:Party/cac:Contact/cbc:Telephone
56,3,A,,Seller Contact Email Address,Text,0..1,,,syntax,sellerContact,A0056,/C0053/A0056,$.invoice.seller.sellerContact.sellerContactEmailAddress,invoice.seller.sellerContact.sellerContactEmailAddress,,,invoice_seller_sellerContact_sellerContactEmailAddress,/Invoice/cac:AccountingSupplierParty/cac:Party/cac:Contact/cbc:ElectronicMail
58,1,C,,Buyer,,1..1,,,syntax,buyer,C0058,/C0001/C0058,$.invoice.buyer,invoice.buyer,,,buyer,/Invoice/cac:AccountingCustomerParty/cac:Party
59,2,A,,Buyer Name,Text,1..1,,,syntax,buyer,A0059,/C0058/A0059,$.invoice.buyer.buyerName,invoice.buyer.buyerName,,,invoice_buyer_buyerName,/Invoice/cac:AccountingCustomerParty/cac:Party/cac:PartyLegalEntity/cbc:RegistrationName
60,2,A,,Buyer Trading Name,Text,0..1,,,syntax,buyer,A0060,/C0058/A0060,$.invoice.buyer.buyerTradingName,invoice.buyer.buyerTradingName,,,invoice_buyer_buyerTradingName,/Invoice/cac:AccountingCustomerParty/cac:Party/cac:PartyName/cbc:Name
61,2,A,,Buyer Identifier,Text,0..*,,,syntax,buyer,A0061,/C0058/A0061,$.invoice.buyer.buyerIdentifier,invoice.buyer.buyerIdentifier,,,invoice_buyer_buyerIdentifier,/Invoice/cac:AccountingCustomerParty/cac:Party/cac:PartyIdentification/cbc:ID
62,2,A,,Buyer Legal Registration Identifier,Text,0..1,,,syntax,buyer,A0062,/C0058/A0062,$.invoice.buyer.buyerLegalRegistrationIdentifier,invoice.buyer.buyerLegalRegistrationIdentifier,,,invoice_buyer_buyerLegalRegistrationIdentifier,/Invoice/cac:AccountingCustomerParty/cac:Party/cac:PartyLegalEntity/cbc:CompanyID
63,2,A,,Buyer VAT Identifier,Text,0..1,,,syntax,buyer,A0063,/C0058/A0063,$.invoice.buyer.buyerVatIdentifier,invoice.buyer.buyerVatIdentifier,,,invoice_buyer_buyerVatIdentifier,/Invoice/cac:AccountingCustomerParty/cac:Party/cac:PartyTaxScheme/cbc:CompanyID
64,2,A,,Buyer Electronic Address,Text,0..1,,,syntax,buyer,A0064,/C0058/A0064,$.invoice.buyer.buyerElectronicAddress,invoice.buyer.buyerElectronicAddress,,,invoice_buyer_buyerElectronicAddress,/Invoice/cac:AccountingCustomerParty/cac:Party/cbc:EndpointID
66,2,C,,Buyer Postal Address,,1..1,,,syntax,buyerPostalAddress,C0066,/C0001/C0058/C0066,$.invoice.buyer.buyerPostalAddress,invoice.buyer.buyerPostalAddress,,,buyerPostalAddress,/Invoice/cac:AccountingCustomerParty/cac:Party/cac:PostalAddress
67,3,A,,Buyer Address Line1,Text,0..1,,,syntax,buyerPostalAddress,A0067,/C0066/A0067,$.invoice.buyer.buyerPostalAddress.buyerAddressLine1,invoice.buyer.buyerPostalAddress.buyerAddressLine1,,,invoice_buyer_buyerPostalAddress_buyerAddressLine1,/Invoice/cac:AccountingCustomerParty/cac:Party/cac:PostalAddress/cac:AddressLine/cbc:Line
68,3,A,,Buyer Address Line2,Text,0..1,,,syntax,buyerPostalAddress,A0068,/C0066/A0068,$.invoice.buyer.buyerPostalAddress.buyerAddressLine2,invoice.buyer.buyerPostalAddress.buyerAddressLine2,,,invoice_buyer_buyerPostalAddress_buyerAddressLine2,/Invoice/cac:AccountingCustomerParty/cac:Party/cac:PostalAddress/cbc:AdditionalStreetName
69,3,A,,Buyer Address Line3,Text,0..1,,,syntax,buyerPostalAddress,A0069,/C0066/A0069,$.invoice.buyer.buyerPostalAddress.buyerAddressLine3,invoice.buyer.buyerPostalAddress.buyerAddressLine3,,,invoice_buyer_buyerPostalAddress_buyerAddressLine3,/Invoice/cac:AccountingCustomerParty/cac:Party/cac:PostalAddress/cac:AddressLine/cbc:Line
70,3,A,,Buyer City,Text,1..1,,,syntax,buyerPostalAddress,A0070,/C0066/A0070,$.invoice.buyer.buyerPostalAddress.buyerCity,invoice.buyer.buyerPostalAddress.buyerCity,,,invoice_buyer_buyerPostalAddress_buyerCity,/Invoice/cac:AccountingCustomerParty/cac:Party/cac:PostalAddress/cbc:CityName
71,3,A,,Buyer Post Code,Text,1..1,,,syntax,buyerPostalAddress,A0071,/C0066/A0071,$.invoice.buyer.buyerPostalAddress.buyerPostCode,invoice.buyer.buyerPostalAddress.buyerPostCode,,,invoice_buyer_buyerPostalAddress_buyerPostCode,/Invoice/cac:AccountingCustomerParty/cac:Party/cac:PostalAddress/cbc:PostalZone
72,3,A,,Buyer Country Subdivision,Text,0..1,,,syntax,buyerPostalAddress,A0072,/C0066/A0072,$.invoice.buyer.buyerPostalAddress.buyerCountrySubdivision,invoice.buyer.buyerPostalAddress.buyerCountrySubdivision,,,invoice_buyer_buyerPostalAddress_buyerCountrySubdivision,/Invoice/cac:AccountingCustomerParty/cac:Party/cac:PostalAddress/cbc:CountrySubentity
73,3,A,,Buyer Country Code,Text,1..1,,,syntax,buyerPostalAddress,A0073,/C0066/A0073,$.invoice.buyer.buyerPostalAddress.buyerCountryCode,invoice.buyer.buyerPostalAddress.buyerCountryCode,,,invoice_buyer_buyerPostalAddress_buyerCountryCode,/Invoice/cac:AccountingCustomerParty/cac:Party/cac:PostalAddress/cac:Country/cbc:IdentificationCode
75,2,C,,Buyer Contact,,0..1,,,syntax,buyerContact,C0075,/C0001/C0058/C0075,$.invoice.buyer.buyerContact,invoice.buyer.buyerContact,,,buyerContact,/Invoice/cac:AccountingCustomerParty/cac:Party/cac:Contact
76,3,A,,Buyer Contact Point,Text,0..1,,,syntax,buyerContact,A0076,/C0075/A0076,$.invoice.buyer.buyerContact.buyerContactPoint,invoice.buyer.buyerContact.buyerContactPoint,,,invoice_buyer_buyerContact_buyerContactPoint,/Invoice/cac:AccountingCustomerParty/cac:Party/cac:Contact/cbc:Name
77,3,A,,Buyer Contact Telephone Number,Text,0..1,,,syntax,buyerContact,A0077,/C0075/A0077,$.invoice.buyer.buyerContact.buyerContactTelephoneNumber,invoice.buyer.buyerContact.buyerContactTelephoneNumber,,,invoice_buyer_buyerContact_buyerContactTelephoneNumber,/Invoice/cac:AccountingCustomerParty/cac:Party/cac:Contact/cbc:Telephone
78,3,A,,Buyer Contact Email Address,Text,0..1,,,syntax,buyerContact,A0078,/C0075/A0078,$.invoice.buyer.buyerContact.buyerContactEmailAddress,invoice.buyer.buyerContact.buyerContactEmailAddress,,,invoice_buyer_buyerContact_buyerContactEmailAddress,/Invoice/cac:AccountingCustomerParty/cac:Party/cac:Contact/cbc:ElectronicMail
80,1,C,,Payee,,0..1,,,syntax,payee,C0080,/C0001/C0080,$.invoice.payee,invoice.payee,,,payee,/Invoice/cac:PayeeParty
81,2,A,,Payee Name,Text,1..1,,,syntax,payee,A0081,/C0080/A0081,$.invoice.payee.payeeName,invoice.payee.payeeName,,,invoice_payee_payeeName,/Invoice/cac:PayeeParty/cac:PartyName/cbc:Name
82,2,A,,Payee Identifier,Text,0..1,,,syntax,payee,A0082,/C0080/A0082,$.invoice.payee.payeeIdentifier,invoice.payee.payeeIdentifier,,,invoice_payee_payeeIdentifier,/Invoice/cac:PayeeParty/cac:PartyIdentification/cbc:ID
83,2,A,,Payee Legal Registration Identifier,Text,0..1,,,syntax,payee,A0083,/C0080/A0083,$.invoice.payee.payeeLegalRegistrationIdentifier,invoice.payee.payeeLegalRegistrationIdentifier,,,invoice_payee_payeeLegalRegistrationIdentifier,/Invoice/cac:PayeeParty/cac:PartyLegalEntity/cbc:CompanyID
85,1,C,,Seller Tax Representative Party,,0..1,,,syntax,sellerTaxRepresentativeParty,C0085,/C0001/C0085,$.invoice.sellerTaxRepresentativeParty,invoice.sellerTaxRepresentativeParty,,,sellerTaxRepresentativeParty,/Invoice/cac:TaxRepresentativeParty
86,2,A,,Seller Tax Representative Name,Text,1..1,,,syntax,sellerTaxRepresentativeParty,A0086,/C0085/A0086,$.invoice.sellerTaxRepresentativeParty.sellerTaxRepresentativeName,invoice.sellerTaxRepresentativeParty.sellerTaxRepresentativeName,,,invoice_sellerTaxRepresentativeParty_sellerTaxRepresentativeName,/Invoice/cac:TaxRepresentativeParty/cac:PartyName/cbc:Name
87,2,A,,Seller Tax Representative VAT Identifier,Text,1..1,,,syntax,sellerTaxRepresentativeParty,A0087,/C0085/A0087,$.invoice.sellerTaxRepresentativeParty.sellerTaxRepresentativeVatIdentifier,invoice.sellerTaxRepresentativeParty.sellerTaxRepresentativeVatIdentifier,,,invoice_sellerTaxRepresentativeParty_sellerTaxRepresentativeVatIdentifier,/Invoice/cac:TaxRepresentativeParty/cac:PartyTaxScheme/cbc:CompanyID
89,2,C,,Seller Tax Representative Postal Address,,1..1,,,syntax,sellerTaxRepresentativePostalAddress,C0089,/C0001/C0085/C0089,$.invoice.sellerTaxRepresentativeParty.sellerTaxRepresentativePostalAddress,invoice.sellerTaxRepresentativeParty.sellerTaxRepresentativePostalAddress,,,sellerTaxRepresentativePostalAddress,/Invoice/cac:TaxRepresentativeParty/cac:PostalAddress
90,3,A,,Tax Representative Address Line1,Text,0..1,,,syntax,sellerTaxRepresentativePostalAddress,A0090,/C0089/A0090,$.invoice.sellerTaxRepresentativeParty.sellerTaxRepresentativePostalAddress.taxRepresentativeAddressLine1,invoice.sellerTaxRepresentativeParty.sellerTaxRepresentativePostalAddress.taxRepresentativeAddressLine1,,,invoice_sellerTaxRepresentativeParty_sellerTaxRepresentativePostalAddress_taxRepresentativeAddressLine1,/Invoice/cac:TaxRepresentativeParty/cac:PostalAddress/cbc:StreetName
91,3,A,,Tax Representative Address Line2,Text,0..1,,,syntax,sellerTaxRepresentativePostalAddress,A0091,/C0089/A0091,$.invoice.sellerTaxRepresentativeParty.sellerTaxRepresentativePostalAddress.taxRepresentativeAddressLine2,invoice.sellerTaxRepresentativeParty.sellerTaxRepresentativePostalAddress.taxRepresentativeAddressLine2,,,invoice_sellerTaxRepresentativeParty_sellerTaxRepresentativePostalAddress_taxRepresentativeAddressLine2,/Invoice/cac:TaxRepresentativeParty/cac:PostalAddress/cbc:AdditionalStreetName
92,3,A,,Tax Representative Address Line3,Text,0..1,,,syntax,sellerTaxRepresentativePostalAddress,A0092,/C0089/A0092,$.invoice.sellerTaxRepresentativeParty.sellerTaxRepresentativePostalAddress.taxRepresentativeAddressLine3,invoice.sellerTaxRepresentativeParty.sellerTaxRepresentativePostalAddress.taxRepresentativeAddressLine3,,,invoice_sellerTaxRepresentativeParty_sellerTaxRepresentativePostalAddress_taxRepresentativeAddressLine3,/Invoice/cac:TaxRepresentativeParty/cac:PostalAddress/cac:AddressLine/cbc:Line
93,3,A,,Tax Representative City,Text,0..1,,,syntax,sellerTaxRepresentativePostalAddress,A0093,/C0089/A0093,$.invoice.sellerTaxRepresentativeParty.sellerTaxRepresentativePostalAddress.taxRepresentativeCity,invoice.sellerTaxRepresentativeParty.sellerTaxRepresentativePostalAddress.taxRepresentativeCity,,,invoice_sellerTaxRepresentativeParty_sellerTaxRepresentativePostalAddress_taxRepresentativeCity,/Invoice/cac:TaxRepresentativeParty/cac:PostalAddress/cbc:CityName
94,3,A,,Tax Representative Post Code,Text,0..1,,,syntax,sellerTaxRepresentativePostalAddress,A0094,/C0089/A0094,$.invoice.sellerTaxRepresentativeParty.sellerTaxRepresentativePostalAddress.taxRepresentativePostCode,invoice.sellerTaxRepresentativeParty.sellerTaxRepresentativePostalAddress.taxRepresentativePostCode,,,invoice_sellerTaxRepresentativeParty_sellerTaxRepresentativePostalAddress_taxRepresentativePostCode,/Invoice/cac:TaxRepresentativeParty/cac:PostalAddress/cbc:PostalZone
95,3,A,,Tax Representative Country Subdivision,Text,0..1,,,syntax,sellerTaxRepresentativePostalAddress,A0095,/C0089/A0095,$.invoice.sellerTaxRepresentativeParty.sellerTaxRepresentativePostalAddress.taxRepresentativeCountrySubdivision,invoice.sellerTaxRepresentativeParty.sellerTaxRepresentativePostalAddress.taxRepresentativeCountrySubdivision,,,invoice_sellerTaxRepresentativeParty_sellerTaxRepresentativePostalAddress_taxRepresentativeCountrySubdivision,/Invoice/cac:TaxRepresentativeParty/cac:PostalAddress/cbc:CountrySubentity
96,3,A,,Tax Representative Country Code,Text,1..1,,,syntax,sellerTaxRepresentativePostalAddress,A0096,/C0089/A0096,$.invoice.sellerTaxRepresentativeParty.sellerTaxRepresentativePostalAddress.taxRepresentativeCountryCode,invoice.sellerTaxRepresentativeParty.sellerTaxRepresentativePostalAddress.taxRepresentativeCountryCode,,,invoice_sellerTaxRepresentativeParty_sellerTaxRepresentativePostalAddress_taxRepresentativeCountryCode,/Invoice/cac:TaxRepresentativeParty/cac:PostalAddress/cac:Country/cbc:IdentificationCode
98,1,C,,Delivery Information,,0..1,,,syntax,deliveryInformation,C0098,/C0001/C0098,$.invoice.deliveryInformation,invoice.deliveryInformation,,,deliveryInformation,/Invoice/cac:Delivery
99,2,A,,Deliver To Party Name,Text,0..1,,,syntax,deliveryInformation,A0099,/C0098/A0099,$.invoice.deliveryInformation.deliverToPartyName,invoice.deliveryInformation.deliverToPartyName,,,invoice_deliveryInformation_deliverToPartyName,/Invoice/cac:Delivery/cac:DeliveryParty/cac:PartyName/cbc:Name
100,2,A,,Deliver To Location Identifier,Text,0..1,,,syntax,deliveryInformation,A0100,/C0098/A0100,$.invoice.deliveryInformation.deliverToLocationIdentifier,invoice.deliveryInformation.deliverToLocationIdentifier,,,invoice_deliveryInformation_deliverToLocationIdentifier,/Invoice/cac:Delivery/cac:DeliveryLocation/cbc:ID
101,2,A,,Actual Delivery Date,Text,0..1,,,syntax,deliveryInformation,A0101,/C0098/A0101,$.invoice.deliveryInformation.actualDeliveryDate,invoice.deliveryInformation.actualDeliveryDate,,,invoice_deliveryInformation_actualDeliveryDate,/Invoice/cac:Delivery/cbc:ActualDeliveryDate
107,2,C,,Deliver To Address,,0..1,,,syntax,deliverToAddress,C0107,/C0001/C0098/C0107,$.invoice.deliveryInformation.deliverToAddress,invoice.deliveryInformation.deliverToAddress,,,deliverToAddress,/Invoice/cac:Delivery/cac:DeliveryLocation/cac:Address
108,3,A,,Deliver To Address Line1,Text,0..1,,,syntax,deliverToAddress,A0108,/C0107/A0108,$.invoice.deliveryInformation.deliverToAddress.deliverToAddressLine1,invoice.deliveryInformation.deliverToAddress.deliverToAddressLine1,,,invoice_deliveryInformation_deliverToAddress_deliverToAddressLine1,/Invoice/cac:Delivery/cac:DeliveryLocation/cac:Address/cbc:StreetName
109,3,A,,Deliver To Address Line2,Text,0..1,,,syntax,deliverToAddress,A0109,/C0107/A0109,$.invoice.deliveryInformation.deliverToAddress.deliverToAddressLine2,invoice.deliveryInformation.deliverToAddress.deliverToAddressLine2,,,invoice_deliveryInformation_deliverToAddress_deliverToAddressLine2,/Invoice/cac:Delivery/cac:DeliveryLocation/cac:Address/cbc:AdditionalStreetName
110,3,A,,Deliver To Address Line3,Text,0..1,,,syntax,deliverToAddress,A0110,/C0107/A0110,$.invoice.deliveryInformation.deliverToAddress.deliverToAddressLine3,invoice.deliveryInformation.deliverToAddress.deliverToAddressLine3,,,invoice_deliveryInformation_deliverToAddress_deliverToAddressLine3,/Invoice/cac:Delivery/cac:DeliveryLocation/cac:Address/cac:AddressLine/cbc:Line
111,3,A,,Deliver To City,Text,0..1,,,syntax,deliverToAddress,A0111,/C0107/A0111,$.invoice.deliveryInformation.deliverToAddress.deliverToCity,invoice.deliveryInformation.deliverToAddress.deliverToCity,,,invoice_deliveryInformation_deliverToAddress_deliverToCity,/Invoice/cac:Delivery/cac:DeliveryLocation/cac:Address/cbc:CityName
112,3,A,,Deliver To Post Code,Text,0..1,,,syntax,deliverToAddress,A0112,/C0107/A0112,$.invoice.deliveryInformation.deliverToAddress.deliverToPostCode,invoice.deliveryInformation.deliverToAddress.deliverToPostCode,,,invoice_deliveryInformation_deliverToAddress_deliverToPostCode,/Invoice/cac:Delivery/cac:DeliveryLocation/cac:Address/cbc:PostalZone
113,3,A,,Deliver To Country Subdivision,Text,0..1,,,syntax,deliverToAddress,A0113,/C0107/A0113,$.invoice.deliveryInformation.deliverToAddress.deliverToCountrySubdivision,invoice.deliveryInformation.deliverToAddress.deliverToCountrySubdivision,,,invoice_deliveryInformation_deliverToAddress_deliverToCountrySubdivision,/Invoice/cac:Delivery/cac:DeliveryLocation/cac:Address/cbc:CountrySubentity
114,3,A,,Deliver To Country Code,Text,1..1,,,syntax,deliverToAddress,A0114,/C0107/A0114,$.invoice.deliveryInformation.deliverToAddress.deliverToCountryCode,invoice.deliveryInformation.deliverToAddress.deliverToCountryCode,,,invoice_deliveryInformation_deliverToAddress_deliverToCountryCode,/Invoice/cac:Delivery/cac:DeliveryLocation/cac:Address/cac:Country/cbc:IdentificationCode
103,1,C,,Invoicing Period,,0..1,,,syntax,invoicingPeriod,C0103,/C0001/C0103,$.invoice.invoicingPeriod,invoice.invoicingPeriod,,,invoicingPeriod,/Invoice/cac:InvoicePeriod
104,2,A,,Invoicing Period Start Date,Text,0..1,,,syntax,invoicingPeriod,A0104,/C0103/A0104,$.invoice.invoicingPeriod.invoicingPeriodStartDate,invoice.invoicingPeriod.invoicingPeriodStartDate,,,invoice_invoicingPeriod_invoicingPeriodStartDate,/Invoice/cac:InvoicePeriod/cbc:StartDate
105,2,A,,Invoicing Period End Date,Text,0..1,,,syntax,invoicingPeriod,A0105,/C0103/A0105,$.invoice.invoicingPeriod.invoicingPeriodEndDate,invoice.invoicingPeriod.invoicingPeriodEndDate,,,invoice_invoicingPeriod_invoicingPeriodEndDate,/Invoice/cac:InvoicePeriod/cbc:EndDate
116,1,C,,Payment Instructions,,0..*,,,syntax,paymentInstructions,C0116,/C0001/C0116,$.invoice.paymentInstructions,invoice.paymentInstructions,,,paymentInstructions,/Invoice/cac:PaymentMeans
117,2,A,,Payment Means Type Code,Text,1..1,,,syntax,paymentInstructions,A0117,/C0116/A0117,$.invoice.paymentInstructions.paymentMeansTypeCode,invoice.paymentInstructions.paymentMeansTypeCode,,,invoice_paymentInstructions_paymentMeansTypeCode,/Invoice/cac:PaymentMeans/cbc:PaymentMeansCode
118,2,A,,Payment Means Text,Text,0..1,,,syntax,paymentInstructions,A0118,/C0116/A0118,$.invoice.paymentInstructions.paymentMeansText,invoice.paymentInstructions.paymentMeansText,,,invoice_paymentInstructions_paymentMeansText,/Invoice/cac:PaymentMeans/cbc:PaymentMeansCode/@name
119,2,A,,Payment Remittance Information,Text,0..1,,,syntax,paymentInstructions,A0119,/C0116/A0119,$.invoice.paymentInstructions.paymentRemittanceInformation,invoice.paymentInstructions.paymentRemittanceInformation,,,invoice_paymentInstructions_paymentRemittanceInformation,/Invoice/cac:PaymentMeans/cbc:PaymentID
121,2,C,,Credit Transfer,,0..*,,,syntax,creditTransfer,C0121,/C0001/C0116/C0121,$.invoice.paymentInstructions.creditTransfer,invoice.paymentInstructions.creditTransfer,,,creditTransfer,/Invoice/cac:PaymentMeans/cac:PayeeFinancialAccount
122,3,A,,Payment Account Identifier,Text,0..1,,,syntax,creditTransfer,A0122,/C0121/A0122,$.invoice.paymentInstructions.creditTransfer.paymentAccountIdentifier,invoice.paymentInstructions.creditTransfer.paymentAccountIdentifier,,,invoice_paymentInstructions_creditTransfer_paymentAccountIdentifier,/Invoice/cac:PaymentMeans/cac:PayeeFinancialAccount/cbc:ID
123,3,A,,Payment Account Name,Text,0..1,,,syntax,creditTransfer,A0123,/C0121/A0123,$.invoice.paymentInstructions.creditTransfer.paymentAccountName,invoice.paymentInstructions.creditTransfer.paymentAccountName,,,invoice_paymentInstructions_creditTransfer_paymentAccountName,/Invoice/cac:PaymentMeans/cac:PayeeFinancialAccount/cbc:Name
124,3,A,,Payment Service Provider Identifier,Text,0..1,,,syntax,creditTransfer,A0124,/C0121/A0124,$.invoice.paymentInstructions.creditTransfer.paymentServiceProviderIdentifier,invoice.paymentInstructions.creditTransfer.paymentServiceProviderIdentifier,,,invoice_paymentInstructions_creditTransfer_paymentServiceProviderIdentifier,/Invoice/cac:PaymentMeans/cac:PayeeFinancialAccount/cac:FinancialInstitutionBranch/cbc:ID
126,2,C,,Payment Card Information,,0..1,,,syntax,paymentCardInformation,C0126,/C0001/C0116/C0126,$.invoice.paymentInstructions.paymentCardInformation,invoice.paymentInstructions.paymentCardInformation,,,paymentCardInformation,/Invoice/cac:PaymentMeans/cac:CardAccount
127,3,A,,Payment Card Primary Account Number,Text,1..1,,,syntax,paymentCardInformation,A0127,/C0126/A0127,$.invoice.paymentInstructions.paymentCardInformation.paymentCardPrimaryAccountNumber,invoice.paymentInstructions.paymentCardInformation.paymentCardPrimaryAccountNumber,,,invoice_paymentInstructions_paymentCardInformation_paymentCardPrimaryAccountNumber,/Invoice/cac:PaymentMeans/cac:CardAccount/cbc:PrimaryAccountNumberID
128,3,A,,Payment Card Holder Name,Text,0..1,,,syntax,paymentCardInformation,A0128,/C0126/A0128,$.invoice.paymentInstructions.paymentCardInformation.paymentCardHolderName,invoice.paymentInstructions.paymentCardInformation.paymentCardHolderName,,,invoice_paymentInstructions_paymentCardInformation_paymentCardHolderName,/Invoice/cac:PaymentMeans/cac:CardAccount/cbc:HolderName
130,2,C,,Direct Debit,,0..1,,,syntax,directDebit,C0130,/C0001/C0116/C0130,$.invoice.paymentInstructions.directDebit,invoice.paymentInstructions.directDebit,,,directDebit,/Invoice/cac:PaymentMeans
131,3,A,,Mandate Reference Identifier,Text,0..1,,,syntax,directDebit,A0131,/C0130/A0131,$.invoice.paymentInstructions.directDebit.mandateReferenceIdentifier,invoice.paymentInstructions.directDebit.mandateReferenceIdentifier,,,invoice_paymentInstructions_directDebit_mandateReferenceIdentifier,/Invoice/cac:PaymentMeans/cac:PaymentMandate/cbc:ID
132,3,A,,Bank Assigned Creditor Identifier,Text,0..1,,,syntax,directDebit,A0132,/C0130/A0132,$.invoice.paymentInstructions.directDebit.bankAssignedCreditorIdentifier,invoice.paymentInstructions.directDebit.bankAssignedCreditorIdentifier,,,invoice_paymentInstructions_directDebit_bankAssignedCreditorIdentifier,/Invoice/cac:AccountingSupplierParty/cac:Party/cac:PartyIdentification/cbc:ID
133,3,A,,Debited Account Identifier,Text,0..1,,,syntax,directDebit,A0133,/C0130/A0133,$.invoice.paymentInstructions.directDebit.debitedAccountIdentifier,invoice.paymentInstructions.directDebit.debitedAccountIdentifier,,,invoice_paymentInstructions_directDebit_debitedAccountIdentifier,/Invoice/cac:PaymentMeans/cac:PaymentMandate/cac:PayerFinancialAccount/cbc:ID
135,1,C,,Document Level Allowances,,0..*,,,syntax,documentLevelAllowances,C0135,/C0001/C0135,$.invoice.documentLevelAllowances,invoice.documentLevelAllowances,,,documentLevelAllowances,/Invoice/cac:AllowanceCharge[cbc:ChargeIndicator=false()]
136,2,A,,Document Level Allowance Amount,Text,1..1,,,syntax,documentLevelAllowances,A0136,/C0135/A0136,$.invoice.documentLevelAllowances.documentLevelAllowanceAmount,invoice.documentLevelAllowances.documentLevelAllowanceAmount,,,invoice_documentLevelAllowances_documentLevelAllowanceAmount,/Invoice/cac:AllowanceCharge[cbc:ChargeIndicator=false()]/cbc:Amount
137,2,A,,Document Level Allowance Base Amount,Text,0..1,,,syntax,documentLevelAllowances,A0137,/C0135/A0137,$.invoice.documentLevelAllowances.documentLevelAllowanceBaseAmount,invoice.documentLevelAllowances.documentLevelAllowanceBaseAmount,,,invoice_documentLevelAllowances_documentLevelAllowanceBaseAmount,/Invoice/cac:AllowanceCharge[cbc:ChargeIndicator=false()]/cbc:BaseAmount
138,2,A,,Document Level Allowance Percentage,Text,0..1,,,syntax,documentLevelAllowances,A0138,/C0135/A0138,$.invoice.documentLevelAllowances.documentLevelAllowancePercentage,invoice.documentLevelAllowances.documentLevelAllowancePercentage,,,invoice_documentLevelAllowances_documentLevelAllowancePercentage,/Invoice/cac:AllowanceCharge[cbc:ChargeIndicator=false()]/cbc:MultiplierFactorNumeric
139,2,A,,Document Level Allowance VAT Category Code,Text,1..1,,,syntax,documentLevelAllowances,A0139,/C0135/A0139,$.invoice.documentLevelAllowances.documentLevelAllowanceVatCategoryCode,invoice.documentLevelAllowances.documentLevelAllowanceVatCategoryCode,,,invoice_documentLevelAllowances_documentLevelAllowanceVatCategoryCode,/Invoice/cac:AllowanceCharge[cbc:ChargeIndicator=false()]/cac:TaxCategory/cbc:ID
140,2,A,,Document Level Allowance VAT Rate,Text,0..1,,,syntax,documentLevelAllowances,A0140,/C0135/A0140,$.invoice.documentLevelAllowances.documentLevelAllowanceVatRate,invoice.documentLevelAllowances.documentLevelAllowanceVatRate,,,invoice_documentLevelAllowances_documentLevelAllowanceVatRate,/Invoice/cac:AllowanceCharge[cbc:ChargeIndicator=false()]/cac:TaxCategory/cbc:Percent
141,2,A,,Document Level Allowance Reason,Text,0..1,,,syntax,documentLevelAllowances,A0141,/C0135/A0141,$.invoice.documentLevelAllowances.documentLevelAllowanceReason,invoice.documentLevelAllowances.documentLevelAllowanceReason,,,invoice_documentLevelAllowances_documentLevelAllowanceReason,/Invoice/cac:AllowanceCharge[cbc:ChargeIndicator=false()]/cbc:AllowanceChargeReason
142,2,A,,Document Level Allowance Reason Code,Text,0..1,,,syntax,documentLevelAllowances,A0142,/C0135/A0142,$.invoice.documentLevelAllowances.documentLevelAllowanceReasonCode,invoice.documentLevelAllowances.documentLevelAllowanceReasonCode,,,invoice_documentLevelAllowances_documentLevelAllowanceReasonCode,/Invoice/cac:AllowanceCharge[cbc:ChargeIndicator=false()]/cbc:AllowanceChargeReasonCode
144,1,C,,Document Level Charges,,0..*,,,syntax,documentLevelCharges,C0144,/C0001/C0144,$.invoice.documentLevelCharges,invoice.documentLevelCharges,,,documentLevelCharges,/Invoice/cac:AllowanceCharge[cbc:ChargeIndicator=true()]
145,2,A,,Document Level Charge Amount,Text,1..1,,,syntax,documentLevelCharges,A0145,/C0144/A0145,$.invoice.documentLevelCharges.documentLevelChargeAmount,invoice.documentLevelCharges.documentLevelChargeAmount,,,invoice_documentLevelCharges_documentLevelChargeAmount,/Invoice/cac:AllowanceCharge[cbc:ChargeIndicator=true()]/cbc:Amount
146,2,A,,Document Level Charge Base Amount,Text,0..1,,,syntax,documentLevelCharges,A0146,/C0144/A0146,$.invoice.documentLevelCharges.documentLevelChargeBaseAmount,invoice.documentLevelCharges.documentLevelChargeBaseAmount,,,invoice_documentLevelCharges_documentLevelChargeBaseAmount,/Invoice/cac:AllowanceCharge[cbc:ChargeIndicator=true()]/cbc:BaseAmount
147,2,A,,Document Level Charge Percentage,Text,0..1,,,syntax,documentLevelCharges,A0147,/C0144/A0147,$.invoice.documentLevelCharges.documentLevelChargePercentage,invoice.documentLevelCharges.documentLevelChargePercentage,,,invoice_documentLevelCharges_documentLevelChargePercentage,/Invoice/cac:AllowanceCharge[cbc:ChargeIndicator=true()]/cbc:MultiplierFactorNumeric
148,2,A,,Document Level Charge VAT Category Code,Text,1..1,,,syntax,documentLevelCharges,A0148,/C0144/A0148,$.invoice.documentLevelCharges.documentLevelChargeVatCategoryCode,invoice.documentLevelCharges.documentLevelChargeVatCategoryCode,,,invoice_documentLevelCharges_documentLevelChargeVatCategoryCode,/Invoice/cac:AllowanceCharge[cbc:ChargeIndicator=true()]/cac:TaxCategory/cbc:ID
149,2,A,,Document Level Charge VAT Rate,Text,0..1,,,syntax,documentLevelCharges,A0149,/C0144/A0149,$.invoice.documentLevelCharges.documentLevelChargeVatRate,invoice.documentLevelCharges.documentLevelChargeVatRate,,,invoice_documentLevelCharges_documentLevelChargeVatRate,/Invoice/cac:AllowanceCharge[cbc:ChargeIndicator=true()]/cac:TaxCategory/cbc:Percent
150,2,A,,Document Level Charge Reason,Text,0..1,,,syntax,documentLevelCharges,A0150,/C0144/A0150,$.invoice.documentLevelCharges.documentLevelChargeReason,invoice.documentLevelCharges.documentLevelChargeReason,,,invoice_documentLevelCharges_documentLevelChargeReason,/Invoice/cac:AllowanceCharge[cbc:ChargeIndicator=true()]/cbc:AllowanceChargeReason
151,2,A,,Document Level Charge Reason Code,Text,0..1,,,syntax,documentLevelCharges,A0151,/C0144/A0151,$.invoice.documentLevelCharges.documentLevelChargeReasonCode,invoice.documentLevelCharges.documentLevelChargeReasonCode,,,invoice_documentLevelCharges_documentLevelChargeReasonCode,/Invoice/cac:AllowanceCharge[cbc:ChargeIndicator=true()]/cbc:AllowanceChargeReasonCode
153,1,C,,Document Totals,,1..1,,,syntax,documentTotals,C0153,/C0001/C0153,$.invoice.documentTotals,invoice.documentTotals,,,documentTotals,/Invoice/cac:LegalMonetaryTotal
154,2,A,,Sum Of Invoice Line Net Amount,Text,1..1,,,syntax,documentTotals,A0154,/C0153/A0154,$.invoice.documentTotals.sumOfInvoiceLineNetAmount,invoice.documentTotals.sumOfInvoiceLineNetAmount,,,invoice_documentTotals_sumOfInvoiceLineNetAmount,/Invoice/cac:LegalMonetaryTotal/cbc:LineExtensionAmount
155,2,A,,Sum Of Allowances On Document Level,Text,0..1,,,syntax,documentTotals,A0155,/C0153/A0155,$.invoice.documentTotals.sumOfAllowancesOnDocumentLevel,invoice.documentTotals.sumOfAllowancesOnDocumentLevel,,,invoice_documentTotals_sumOfAllowancesOnDocumentLevel,/Invoice/cac:LegalMonetaryTotal/cbc:AllowanceTotalAmount
156,2,A,,Sum Of Charges On Document Level,Text,0..1,,,syntax,documentTotals,A0156,/C0153/A0156,$.invoice.documentTotals.sumOfChargesOnDocumentLevel,invoice.documentTotals.sumOfChargesOnDocumentLevel,,,invoice_documentTotals_sumOfChargesOnDocumentLevel,/Invoice/cac:LegalMonetaryTotal/cbc:ChargeTotalAmount
157,2,A,,Invoice Total Amount Without VAT,Text,1..1,,,syntax,documentTotals,A0157,/C0153/A0157,$.invoice.documentTotals.invoiceTotalAmountWithoutVat,invoice.documentTotals.invoiceTotalAmountWithoutVat,,,invoice_documentTotals_invoiceTotalAmountWithoutVat,/Invoice/cac:LegalMonetaryTotal/cbc:TaxExclusiveAmount
158,2,A,,Invoice Total VAT Amount,Text,1..1,,,syntax,documentTotals,A0158,/C0153/A0158,$.invoice.documentTotals.invoiceTotalVatAmount,invoice.documentTotals.invoiceTotalVatAmount,,,invoice_documentTotals_invoiceTotalVatAmount,/Invoice/cac:TaxTotal[cbc:TaxAmount/@currencyID=/Invoice/cbc:DocumentCurrencyCode]/cbc:TaxAmount
159,2,A,,Invoice Total VAT Amount In Accounting Currency,Text,0..1,,,syntax,documentTotals,A0159,/C0153/A0159,$.invoice.documentTotals.invoiceTotalVatAmountInAccountingCurrency,invoice.documentTotals.invoiceTotalVatAmountInAccountingCurrency,,,invoice_documentTotals_invoiceTotalVatAmountInAccountingCurrency,/Invoice/cac:TaxTotal[cbc:TaxAmount/@currencyID=/Invoice/cbc:TaxCurrencyCode]/cbc:TaxAmount
160,2,A,,Invoice Total Amount With VAT,Text,1..1,,,syntax,documentTotals,A0160,/C0153/A0160,$.invoice.documentTotals.invoiceTotalAmountWithVat,invoice.documentTotals.invoiceTotalAmountWithVat,,,invoice_documentTotals_invoiceTotalAmountWithVat,/Invoice/cac:LegalMonetaryTotal/cbc:TaxInclusiveAmount
161,2,A,,Paid Amount,Text,0..1,,,syntax,documentTotals,A0161,/C0153/A0161,$.invoice.documentTotals.paidAmount,invoice.documentTotals.paidAmount,,,invoice_documentTotals_paidAmount,/Invoice/cac:LegalMonetaryTotal/cbc:PrepaidAmount
162,2,A,,Rounding Amount,Text,0..1,,,syntax,documentTotals,A0162,/C0153/A0162,$.invoice.documentTotals.roundingAmount,invoice.documentTotals.roundingAmount,,,invoice_documentTotals_roundingAmount,/Invoice/cac:LegalMonetaryTotal/cbc:PayableRoundingAmount
163,2,A,,Amount Due For Payment,Text,1..1,,,syntax,documentTotals,A0163,/C0153/A0163,$.invoice.documentTotals.amountDueForPayment,invoice.documentTotals.amountDueForPayment,,,invoice_documentTotals_amountDueForPayment,/Invoice/cac:LegalMonetaryTotal/cbc:PayableAmount
165,1,C,,VAT Breakdown,,1..*,,,syntax,vatBreakdown,C0165,/C0001/C0165,$.invoice.vatBreakdown,invoice.vatBreakdown,,,vatBreakdown,/Invoice/cac:TaxTotal[cbc:TaxAmount/@currencyID=/Invoice/cbc:DocumentCurrencyCode]/cac:TaxSubtotal
166,2,A,,VAT Category Taxable Amount,Text,1..1,,,syntax,vatBreakdown,A0166,/C0165/A0166,$.invoice.vatBreakdown.vatCategoryTaxableAmount,invoice.vatBreakdown.vatCategoryTaxableAmount,,,invoice_vatBreakdown_vatCategoryTaxableAmount,/Invoice/cac:TaxTotal[cbc:TaxAmount/@currencyID=/Invoice/cbc:DocumentCurrencyCode]/cac:TaxSubtotal/cbc:TaxableAmount
167,2,A,,VAT Category Tax Amount,Text,1..1,,,syntax,vatBreakdown,A0167,/C0165/A0167,$.invoice.vatBreakdown.vatCategoryTaxAmount,invoice.vatBreakdown.vatCategoryTaxAmount,,,invoice_vatBreakdown_vatCategoryTaxAmount,/Invoice/cac:TaxTotal[cbc:TaxAmount/@currencyID=/Invoice/cbc:DocumentCurrencyCode]/cac:TaxSubtotal/cbc:TaxAmount
168,2,A,,VAT Category Code,Text,1..1,,,syntax,vatBreakdown,A0168,/C0165/A0168,$.invoice.vatBreakdown.vatCategoryCode,invoice.vatBreakdown.vatCategoryCode,,,invoice_vatBreakdown_vatCategoryCode,/Invoice/cac:TaxTotal[cbc:TaxAmount/@currencyID=/Invoice/cbc:DocumentCurrencyCode]/cac:TaxSubtotal/cac:TaxCategory/cbc:ID
169,2,A,,VAT Category Rate,Text,0..1,,,syntax,vatBreakdown,A0169,/C0165/A0169,$.invoice.vatBreakdown.vatCategoryRate,invoice.vatBreakdown.vatCategoryRate,,,invoice_vatBreakdown_vatCategoryRate,/Invoice/cac:TaxTotal[cbc:TaxAmount/@currencyID=/Invoice/cbc:DocumentCurrencyCode]/cac:TaxSubtotal/cac:TaxCategory/cbc:Percent
170,2,A,,VAT Exemption Reason Text,Text,0..1,,,syntax,vatBreakdown,A0170,/C0165/A0170,$.invoice.vatBreakdown.vatExemptionReasonText,invoice.vatBreakdown.vatExemptionReasonText,,,invoice_vatBreakdown_vatExemptionReasonText,/Invoice/cac:TaxTotal[cbc:TaxAmount/@currencyID=/Invoice/cbc:DocumentCurrencyCode]/cac:TaxSubtotal/cac:TaxCategory/cbc:TaxExemptionReason
171,2,A,,VAT Exemption Reason Code,Text,0..1,,,syntax,vatBreakdown,A0171,/C0165/A0171,$.invoice.vatBreakdown.vatExemptionReasonCode,invoice.vatBreakdown.vatExemptionReasonCode,,,invoice_vatBreakdown_vatExemptionReasonCode,/Invoice/cac:TaxTotal[cbc:TaxAmount/@currencyID=/Invoice/cbc:DocumentCurrencyCode]/cac:TaxSubtotal/cac:TaxCategory/cbc:TaxExemptionReasonCode
173,1,C,,Additional Supporting Documents,,0..*,,,syntax,additionalSupportingDocuments,C0173,/C0001/C0173,$.invoice.additionalSupportingDocuments,invoice.additionalSupportingDocuments,,,additionalSupportingDocuments,/Invoice/cac:AdditionalDocumentReference
174,2,A,,Supporting Document Reference,Text,1..1,,,syntax,additionalSupportingDocuments,A0174,/C0173/A0174,$.invoice.additionalSupportingDocuments.supportingDocumentReference,invoice.additionalSupportingDocuments.supportingDocumentReference,,,invoice_additionalSupportingDocuments_supportingDocumentReference,/Invoice/cac:AdditionalDocumentReference/cbc:ID
175,2,A,,Supporting Document Description,Text,0..1,,,syntax,additionalSupportingDocuments,A0175,/C0173/A0175,$.invoice.additionalSupportingDocuments.supportingDocumentDescription,invoice.additionalSupportingDocuments.supportingDocumentDescription,,,invoice_additionalSupportingDocuments_supportingDocumentDescription,/Invoice/cac:AdditionalDocumentReference/cbc:DocumentDescription
176,2,A,,External Document Location,Text,0..1,,,syntax,additionalSupportingDocuments,A0176,/C0173/A0176,$.invoice.additionalSupportingDocuments.externalDocumentLocation,invoice.additionalSupportingDocuments.externalDocumentLocation,,,invoice_additionalSupportingDocuments_externalDocumentLocation,/Invoice/cac:AdditionalDocumentReference/cac:Attachment/cac:ExternalReference/cbc:URI
177,2,A,,Attached Document,Text,0..1,,,syntax,additionalSupportingDocuments,A0177,/C0173/A0177,$.invoice.additionalSupportingDocuments.attachedDocument,invoice.additionalSupportingDocuments.attachedDocument,,,invoice_additionalSupportingDocuments_attachedDocument,/Invoice/cac:AdditionalDocumentReference/cac:Attachment/cbc:EmbeddedDocumentBinaryObject
179,1,C,,Invoice Line,,1..*,,,syntax,invoiceLine,C0179,/C0001/C0179,$.invoice.invoiceLine,invoice.invoiceLine,,,invoiceLine,/Invoice/cac:InvoiceLine
180,2,A,,Invoice Line Identifier,Text,1..1,,,syntax,invoiceLine,A0180,/C0179/A0180,$.invoice.invoiceLine.invoiceLineIdentifier,invoice.invoiceLine.invoiceLineIdentifier,,,invoice_invoiceLine_invoiceLineIdentifier,/Invoice/cac:InvoiceLine/cbc:ID
181,2,A,,Invoice Line Note,Text,0..1,,,syntax,invoiceLine,A0181,/C0179/A0181,$.invoice.invoiceLine.invoiceLineNote,invoice.invoiceLine.invoiceLineNote,,,invoice_invoiceLine_invoiceLineNote,/Invoice/cac:InvoiceLine/cbc:Note
182,2,A,,Invoice Line Object Identifier,Text,0..1,,,syntax,invoiceLine,A0182,/C0179/A0182,$.invoice.invoiceLine.invoiceLineObjectIdentifier,invoice.invoiceLine.invoiceLineObjectIdentifier,,,invoice_invoiceLine_invoiceLineObjectIdentifier,/Invoice/cac:InvoiceLine/cac:DocumentReference/cbc:ID
183,2,A,,Invoiced Quantity,Text,0..1,,,syntax,invoiceLine,A0183,/C0179/A0183,$.invoice.invoiceLine.invoicedQuantity,invoice.invoiceLine.invoicedQuantity,,,invoice_invoiceLine_invoicedQuantity,/Invoice/cac:InvoiceLine/cbc:InvoicedQuantity
184,2,A,,Invoiced Quantity Unit Code,Text,0..1,,,syntax,invoiceLine,A0184,/C0179/A0184,$.invoice.invoiceLine.invoicedQuantityUnitCode,invoice.invoiceLine.invoicedQuantityUnitCode,,,invoice_invoiceLine_invoicedQuantityUnitCode,/Invoice/cac:InvoiceLine/cbc:InvoicedQuantity/@unitCode
185,2,A,,Invoice Line Net Amount,Text,1..1,,,syntax,invoiceLine,A0185,/C0179/A0185,$.invoice.invoiceLine.invoiceLineNetAmount,invoice.invoiceLine.invoiceLineNetAmount,,,invoice_invoiceLine_invoiceLineNetAmount,/Invoice/cac:InvoiceLine/cbc:LineExtensionAmount
186,2,A,,Referenced Purchase Order Line Reference,Text,0..1,,,syntax,invoiceLine,A0186,/C0179/A0186,$.invoice.invoiceLine.referencedPurchaseOrderLineReference,invoice.invoiceLine.referencedPurchaseOrderLineReference,,,invoice_invoiceLine_referencedPurchaseOrderLineReference,/Invoice/cac:InvoiceLine/cac:OrderLineReference/cbc:LineID
187,2,A,,Invoice Line Buyer Accounting Reference,Text,0..1,,,syntax,invoiceLine,A0187,/C0179/A0187,$.invoice.invoiceLine.invoiceLineBuyerAccountingReference,invoice.invoiceLine.invoiceLineBuyerAccountingReference,,,invoice_invoiceLine_invoiceLineBuyerAccountingReference,/Invoice/cac:InvoiceLine/cbc:AccountingCost
189,2,C,,Invoice Line Period,,0..1,,,syntax,invoiceLinePeriod,C0189,/C0001/C0179/C0189,$.invoice.invoiceLine.invoiceLinePeriod,invoice.invoiceLine.invoiceLinePeriod,,,invoiceLinePeriod,/Invoice/cac:InvoiceLine/cac:InvoicePeriod
190,3,A,,Invoice Line Period Start Date,Text,0..1,,,syntax,invoiceLinePeriod,A0190,/C0189/A0190,$.invoice.invoiceLine.invoiceLinePeriod.invoiceLinePeriodStartDate,invoice.invoiceLine.invoiceLinePeriod.invoiceLinePeriodStartDate,,,invoice_invoiceLine_invoiceLinePeriod_invoiceLinePeriodStartDate,/Invoice/cac:InvoiceLine/cac:InvoicePeriod/cbc:StartDate
191,3,A,,Invoice Line Period End Date,Text,0..1,,,syntax,invoiceLinePeriod,A0191,/C0189/A0191,$.invoice.invoiceLine.invoiceLinePeriod.invoiceLinePeriodEndDate,invoice.invoiceLine.invoiceLinePeriod.invoiceLinePeriodEndDate,,,invoice_invoiceLine_invoiceLinePeriod_invoiceLinePeriodEndDate,/Invoice/cac:InvoiceLine/cac:InvoicePeriod/cbc:EndDate
193,2,C,,Invoice Line Allowances,,0..*,,,syntax,invoiceLineAllowances,C0193,/C0001/C0179/C0193,$.invoice.invoiceLine.invoiceLineAllowances,invoice.invoiceLine.invoiceLineAllowances,,,invoiceLineAllowances,/Invoice/cac:InvoiceLine/cac:AllowanceCharge[cbc:ChargeIndicator=false()]
194,3,A,,Invoice Line Allowance Amount,Text,1..1,,,syntax,invoiceLineAllowances,A0194,/C0193/A0194,$.invoice.invoiceLine.invoiceLineAllowances.invoiceLineAllowanceAmount,invoice.invoiceLine.invoiceLineAllowances.invoiceLineAllowanceAmount,,,invoice_invoiceLine_invoiceLineAllowances_invoiceLineAllowanceAmount,/Invoice/cac:InvoiceLine/cac:AllowanceCharge[cbc:ChargeIndicator=false()]/cbc:Amount
195,3,A,,Invoice Line Allowance Base Amount,Text,0..1,,,syntax,invoiceLineAllowances,A0195,/C0193/A0195,$.invoice.invoiceLine.invoiceLineAllowances.invoiceLineAllowanceBaseAmount,invoice.invoiceLine.invoiceLineAllowances.invoiceLineAllowanceBaseAmount,,,invoice_invoiceLine_invoiceLineAllowances_invoiceLineAllowanceBaseAmount,/Invoice/cac:InvoiceLine/cac:AllowanceCharge[cbc:ChargeIndicator=false()]/cbc:BaseAmount
196,3,A,,Invoice Line Allowance Percentage,Text,0..1,,,syntax,invoiceLineAllowances,A0196,/C0193/A0196,$.invoice.invoiceLine.invoiceLineAllowances.invoiceLineAllowancePercentage,invoice.invoiceLine.invoiceLineAllowances.invoiceLineAllowancePercentage,,,invoice_invoiceLine_invoiceLineAllowances_invoiceLineAllowancePercentage,/Invoice/cac:InvoiceLine/cac:AllowanceCharge[cbc:ChargeIndicator=false()]/cbc:MultiplierFactorNumeric
197,3,A,,Invoice Line Allowance Reason,Text,0..1,,,syntax,invoiceLineAllowances,A0197,/C0193/A0197,$.invoice.invoiceLine.invoiceLineAllowances.invoiceLineAllowanceReason,invoice.invoiceLine.invoiceLineAllowances.invoiceLineAllowanceReason,,,invoice_invoiceLine_invoiceLineAllowances_invoiceLineAllowanceReason,/Invoice/cac:InvoiceLine/cac:AllowanceCharge[cbc:ChargeIndicator=false()]/cbc:AllowanceChargeReason
198,3,A,,Invoice Line Allowance Reason Code,Text,0..1,,,syntax,invoiceLineAllowances,A0198,/C0193/A0198,$.invoice.invoiceLine.invoiceLineAllowances.invoiceLineAllowanceReasonCode,invoice.invoiceLine.invoiceLineAllowances.invoiceLineAllowanceReasonCode,,,invoice_invoiceLine_invoiceLineAllowances_invoiceLineAllowanceReasonCode,/Invoice/cac:InvoiceLine/cac:AllowanceCharge[cbc:ChargeIndicator=false()]/cbc:AllowanceChargeReasonCode
200,2,C,,Invoice Line Charges,,0..*,,,syntax,invoiceLineCharges,C0200,/C0001/C0179/C0200,$.invoice.invoiceLine.invoiceLineCharges,invoice.invoiceLine.invoiceLineCharges,,,invoiceLineCharges,/Invoice/cac:InvoiceLine/cac:AllowanceCharge[cbc:ChargeIndicator=true()]
201,3,A,,Invoice Line Charge Amount,Text,1..1,,,syntax,invoiceLineCharges,A0201,/C0200/A0201,$.invoice.invoiceLine.invoiceLineCharges.invoiceLineChargeAmount,invoice.invoiceLine.invoiceLineCharges.invoiceLineChargeAmount,,,invoice_invoiceLine_invoiceLineCharges_invoiceLineChargeAmount,/Invoice/cac:InvoiceLine/cac:AllowanceCharge[cbc:ChargeIndicator=true()]/cbc:Amount
202,3,A,,Invoice Line Charge Base Amount,Text,0..1,,,syntax,invoiceLineCharges,A0202,/C0200/A0202,$.invoice.invoiceLine.invoiceLineCharges.invoiceLineChargeBaseAmount,invoice.invoiceLine.invoiceLineCharges.invoiceLineChargeBaseAmount,,,invoice_invoiceLine_invoiceLineCharges_invoiceLineChargeBaseAmount,/Invoice/cac:InvoiceLine/cac:AllowanceCharge[cbc:ChargeIndicator=true()]/cbc:BaseAmount
203,3,A,,Invoice Line Charge Percentage,Text,0..1,,,syntax,invoiceLineCharges,A0203,/C0200/A0203,$.invoice.invoiceLine.invoiceLineCharges.invoiceLineChargePercentage,invoice.invoiceLine.invoiceLineCharges.invoiceLineChargePercentage,,,invoice_invoiceLine_invoiceLineCharges_invoiceLineChargePercentage,/Invoice/cac:InvoiceLine/cac:AllowanceCharge[cbc:ChargeIndicator=true()]/cbc:MultiplierFactorNumeric
204,3,A,,Invoice Line Charge Reason,Text,0..1,,,syntax,invoiceLineCharges,A0204,/C0200/A0204,$.invoice.invoiceLine.invoiceLineCharges.invoiceLineChargeReason,invoice.invoiceLine.invoiceLineCharges.invoiceLineChargeReason,,,invoice_invoiceLine_invoiceLineCharges_invoiceLineChargeReason,/Invoice/cac:InvoiceLine/cac:AllowanceCharge[cbc:ChargeIndicator=true()]/cbc:AllowanceChargeReason
205,3,A,,Invoice Line Charge Reason Code,Text,0..1,,,syntax,invoiceLineCharges,A0205,/C0200/A0205,$.invoice.invoiceLine.invoiceLineCharges.invoiceLineChargeReasonCode,invoice.invoiceLine.invoiceLineCharges.invoiceLineChargeReasonCode,,,invoice_invoiceLine_invoiceLineCharges_invoiceLineChargeReasonCode,/Invoice/cac:InvoiceLine/cac:AllowanceCharge[cbc:ChargeIndicator=true()]/cbc:AllowanceChargeReasonCode
207,2,C,,Price Details,,1..1,,,syntax,priceDetails,C0207,/C0001/C0179/C0207,$.invoice.invoiceLine.priceDetails,invoice.invoiceLine.priceDetails,,,priceDetails,/Invoice/cac:InvoiceLine/cac:Price
208,3,A,,Item Net Price,Text,1..1,,,syntax,priceDetails,A0208,/C0207/A0208,$.invoice.invoiceLine.priceDetails.itemNetPrice,invoice.invoiceLine.priceDetails.itemNetPrice,,,invoice_invoiceLine_priceDetails_itemNetPrice,/Invoice/cac:InvoiceLine/cac:Price/cbc:PriceAmount
209,3,A,,Item Price Discount,Text,0..1,,,syntax,priceDetails,A0209,/C0207/A0209,$.invoice.invoiceLine.priceDetails.itemPriceDiscount,invoice.invoiceLine.priceDetails.itemPriceDiscount,,,invoice_invoiceLine_priceDetails_itemPriceDiscount,/Invoice/cac:InvoiceLine/cac:Price/cac:AllowanceCharge/cbc:Amount
210,3,A,,Item Gross Price,Text,0..1,,,syntax,priceDetails,A0210,/C0207/A0210,$.invoice.invoiceLine.priceDetails.itemGrossPrice,invoice.invoiceLine.priceDetails.itemGrossPrice,,,invoice_invoiceLine_priceDetails_itemGrossPrice,/Invoice/cac:InvoiceLine/cac:Price/cac:AllowanceCharge/cbc:BaseAmount
211,3,A,,Item Price Base Quantity,Text,0..1,,,syntax,priceDetails,A0211,/C0207/A0211,$.invoice.invoiceLine.priceDetails.itemPriceBaseQuantity,invoice.invoiceLine.priceDetails.itemPriceBaseQuantity,,,invoice_invoiceLine_priceDetails_itemPriceBaseQuantity,/Invoice/cac:InvoiceLine/cac:Price/cbc:BaseQuantity
212,3,A,,Item Price Base Quantity Unit Code,Text,0..1,,,syntax,priceDetails,A0212,/C0207/A0212,$.invoice.invoiceLine.priceDetails.itemPriceBaseQuantityUnitCode,invoice.invoiceLine.priceDetails.itemPriceBaseQuantityUnitCode,,,invoice_invoiceLine_priceDetails_itemPriceBaseQuantityUnitCode,/Invoice/cac:InvoiceLine/cac:Price/cbc:BaseQuantity/@unitCode
214,2,C,,Line VAT Information,,1..1,,,syntax,lineVatInformation,C0214,/C0001/C0179/C0214,$.invoice.invoiceLine.lineVatInformation,invoice.invoiceLine.lineVatInformation,,,lineVatInformation,/Invoice/cac:InvoiceLine/cac:Item/cac:ClassifiedTaxCategory
215,3,A,,Invoiced Item VAT Category Code,Text,1..1,,,syntax,lineVatInformation,A0215,/C0214/A0215,$.invoice.invoiceLine.lineVatInformation.invoicedItemVatCategoryCode,invoice.invoiceLine.lineVatInformation.invoicedItemVatCategoryCode,,,invoice_invoiceLine_lineVatInformation_invoicedItemVatCategoryCode,/Invoice/cac:InvoiceLine/cac:Item/cac:ClassifiedTaxCategory/cbc:ID
216,3,A,,Invoiced Item VAT Rate,Text,0..1,,,syntax,lineVatInformation,A0216,/C0214/A0216,$.invoice.invoiceLine.lineVatInformation.invoicedItemVatRate,invoice.invoiceLine.lineVatInformation.invoicedItemVatRate,,,invoice_invoiceLine_lineVatInformation_invoicedItemVatRate,/Invoice/cac:InvoiceLine/cac:Item/cac:ClassifiedTaxCategory/cbc:Percent
218,2,C,,Item Information,,1..1,,,syntax,itemInformation,C0218,/C0001/C0179/C0218,$.invoice.invoiceLine.itemInformation,invoice.invoiceLine.itemInformation,,,itemInformation,/Invoice/cac:InvoiceLine/cac:Item
219,3,A,,Item Name,Text,1..1,,,syntax,itemInformation,A0219,/C0218/A0219,$.invoice.invoiceLine.itemInformation.itemName,invoice.invoiceLine.itemInformation.itemName,,,invoice_invoiceLine_itemInformation_itemName,/Invoice/cac:InvoiceLine/cac:Item/cbc:Name
220,3,A,,Item Description,Text,0..1,,,syntax,itemInformation,A0220,/C0218/A0220,$.invoice.invoiceLine.itemInformation.itemDescription,invoice.invoiceLine.itemInformation.itemDescription,,,invoice_invoiceLine_itemInformation_itemDescription,/Invoice/cac:InvoiceLine/cac:Item/cbc:Description
221,3,A,,Item Seller Identifier,Text,0..1,,,syntax,itemInformation,A0221,/C0218/A0221,$.invoice.invoiceLine.itemInformation.itemSellerIdentifier,invoice.invoiceLine.itemInformation.itemSellerIdentifier,,,invoice_invoiceLine_itemInformation_itemSellerIdentifier,/Invoice/cac:InvoiceLine/cac:Item/cac:SellersItemIdentification/cbc:ID
222,3,A,,Item Buyer Identifier,Text,0..1,,,syntax,itemInformation,A0222,/C0218/A0222,$.invoice.invoiceLine.itemInformation.itemBuyerIdentifier,invoice.invoiceLine.itemInformation.itemBuyerIdentifier,,,invoice_invoiceLine_itemInformation_itemBuyerIdentifier,/Invoice/cac:InvoiceLine/cac:Item/cac:BuyersItemIdentification/cbc:ID
223,3,A,,Item Standard Identifier,Text,0..1,,,syntax,itemInformation,A0223,/C0218/A0223,$.invoice.invoiceLine.itemInformation.itemStandardIdentifier,invoice.invoiceLine.itemInformation.itemStandardIdentifier,,,invoice_invoiceLine_itemInformation_itemStandardIdentifier,/Invoice/cac:InvoiceLine/cac:Item/cac:StandardItemIdentification/cbc:ID
224,3,A,,Item Classification Identifier,Text,0..*,,,syntax,itemInformation,A0224,/C0218/A0224,$.invoice.invoiceLine.itemInformation.itemClassificationIdentifier,invoice.invoiceLine.itemInformation.itemClassificationIdentifier,,,invoice_invoiceLine_itemInformation_itemClassificationIdentifier,/Invoice/cac:InvoiceLine/cac:Item/cac:CommodityClassification/cbc:ItemClassificationCode
225,3,A,,Item Country Of Origin,Text,0..1,,,syntax,itemInformation,A0225,/C0218/A0225,$.invoice.invoiceLine.itemInformation.itemCountryOfOrigin,invoice.invoiceLine.itemInformation.itemCountryOfOrigin,,,invoice_invoiceLine_itemInformation_itemCountryOfOrigin,/Invoice/cac:InvoiceLine/cac:Item/cac:OriginCountry/cbc:IdentificationCode
227,3,C,,Item Attributes,,0..*,,,syntax,itemAttributes,C0227,/C0001/C0179/C0218/C0227,$.invoice.invoiceLine.itemInformation.itemAttributes,invoice.invoiceLine.itemInformation.itemAttributes,,,itemAttributes,/Invoice/cac:InvoiceLine/cac:Item/cac:AdditionalItemProperty
228,4,A,,Item Attribute Name,Text,1..1,,,syntax,itemAttributes,A0228,/C0227/A0228,$.invoice.invoiceLine.itemInformation.itemAttributes.itemAttributeName,invoice.invoiceLine.itemInformation.itemAttributes.itemAttributeName,,,invoice_invoiceLine_itemInformation_itemAttributes_itemAttributeName,/Invoice/cac:InvoiceLine/cac:Item/cac:AdditionalItemProperty/cbc:Name
229,4,A,,Item Attribute Value,Text,1..1,,,syntax,itemAttributes,A0229,/C0227/A0229,$.invoice.invoiceLine.itemInformation.itemAttributes.itemAttributeValue,invoice.invoiceLine.itemInformation.itemAttributes.itemAttributeValue,,,invoice_invoiceLine_itemInformation_itemAttributes_itemAttributeValue,/Invoice/cac:InvoiceLine/cac:Item/cac:AdditionalItemProperty/cbc:Value
