"sequence","syntax_sequence","id","level","type","cardinality","business_term","description","usage_note","req_id","semantic_data_type","path","xpath","semantic_path_override","class_term_override","element_override","label_local","definition_local","source_ref","adjustment_note"
"1","","BG-ROOT","0","C","1..1","Invoice","EN 16931 invoice semantic root.","","","","/BG-ROOT","/Invoice","$.invoice","Invoice","Invoice","","","EN 16931-1 Table 2",""
"2","","BT-1","1","A","1..1","Invoice number","An invoice shall have an invoice number.","","","Identifier","/BG-ROOT/BT-1","/Invoice/cbc:ID","$.invoice.invoiceNumber","Invoice","InvoiceNumber","","","EN 16931-1 Table 2",""
"3","","BT-2","1","A","1..1","Invoice issue date","The date when the invoice was issued.","","","Date","/BG-ROOT/BT-2","/Invoice/cbc:IssueDate","$.invoice.invoiceIssueDate","Invoice","InvoiceIssueDate","","","EN 16931-1 Table 2",""
"4","","BT-3","1","A","1..1","Invoice type code","Code specifying the functional type of invoice.","","","Code","/BG-ROOT/BT-3","/Invoice/cbc:InvoiceTypeCode","$.invoice.invoiceTypeCode","Invoice","InvoiceTypeCode","","","EN 16931-1 Table 2",""
"5","","BT-5","1","A","1..1","Document currency code","The currency in which all Invoice amounts are given, except for the Total VAT amount in accounting currency.","","","Code","/BG-ROOT/BT-5","/Invoice/cbc:DocumentCurrencyCode","$.invoice.documentCurrencyCode","Invoice","DocumentCurrencyCode","","","EN 16931-1 Table 2",""
"6","","BT-6","1","A","0..1","Tax accounting currency code","The currency used for VAT accounting and reporting purposes as accepted or required in the country of the Seller.","","","Code","/BG-ROOT/BT-6","/Invoice/cbc:TaxCurrencyCode","$.invoice.taxAccountingCurrencyCode","Invoice","TaxAccountingCurrencyCode","","","EN 16931-1 Table 2",""
"7","","BT-7","1","A","0..1","Value added tax point date","The date when the VAT becomes accountable for the Seller and for the Buyer in so far as that date can be determined and differs from the date of issue of the invoice, according to the VAT directive.","","","Date","/BG-ROOT/BT-7","/Invoice/cbc:TaxPointDate","$.invoice.valueAddedTaxPointDate","Invoice","ValueAddedTaxPointDate","","","EN 16931-1 Table 2",""
"8","","BT-8","1","A","0..1","Value added tax point date code","The code of the date when the VAT becomes accountable for the Seller and for the Buyer.","","","Code","/BG-ROOT/BT-8","/Invoice/cac:InvoicePeriod/cbc:DescriptionCode","$.invoice.valueAddedTaxPointDateCode","Invoice","ValueAddedTaxPointDateCode","","","EN 16931-1 Table 2",""
"9","","BT-9","1","A","0..1","Payment due date","The date when the payment is due.","","","Date","/BG-ROOT/BT-9","/Invoice/cbc:DueDate","$.invoice.paymentDueDate","Invoice","PaymentDueDate","","","EN 16931-1 Table 2",""
"10","","BT-10","1","A","0..1","Buyer reference","An identifier assigned by the Buyer used for internal routing purposes.","","","Text","/BG-ROOT/BT-10","/Invoice/cbc:BuyerReference","$.invoice.buyerReference","Invoice","BuyerReference","","","EN 16931-1 Table 2",""
"11","","BT-11","1","A","0..1","Project reference","The identification of the project the invoice refers to","","","Identifier","/BG-ROOT/BT-11","/Invoice/cac:ProjectReference/cbc:ID","$.invoice.projectReference","Invoice","ProjectReference","","","EN 16931-1 Table 2",""
"12","","BT-12","1","A","0..1","Contract reference","The identification of a contract.","","","Identifier","/BG-ROOT/BT-12","/Invoice/cac:ContractDocumentReference/cbc:ID","$.invoice.contractReference","Invoice","ContractReference","","","EN 16931-1 Table 2",""
"13","","BT-13","1","A","0..1","Purchase order reference","An identifier of a referenced purchase order, issued by the Buyer.","","","Identifier","/BG-ROOT/BT-13","/Invoice/cac:OrderReference/cbc:ID","$.invoice.purchaseOrderReference","Invoice","PurchaseOrderReference","","","EN 16931-1 Table 2",""
"14","","BT-14","1","A","0..1","Sales order reference","An identifier of a referenced sales order, issued by the Seller.","","","Identifier","/BG-ROOT/BT-14","/Invoice/cac:OrderReference/cbc:SalesOrderID","$.invoice.salesOrderReference","Invoice","SalesOrderReference","","","EN 16931-1 Table 2",""
"15","","BT-15","1","A","0..1","Receiving advice reference","An identifier of a referenced receiving advice.","","","Identifier","/BG-ROOT/BT-15","/Invoice/cac:ReceiptDocumentReference/cbc:ID","$.invoice.receivingAdviceReference","Invoice","ReceivingAdviceReference","","","EN 16931-1 Table 2",""
"16","","BT-16","1","A","0..1","Despatch advice reference","An identifier of a referenced despatch advice. The identification of the call for","","","Identifier","/BG-ROOT/BT-16","/Invoice/cac:DespatchDocumentReference/cbc:ID","$.invoice.despatchAdviceReference","Invoice","DespatchAdviceReference","","","EN 16931-1 Table 2",""
"17","","BT-17","1","A","0..1","Tender or lot reference","tender or lot the invoice relates to. An identifier for an object on which the invoice is based, given by the Seller. The identification scheme identifier of the Invoiced object identifier. A textual value that specifies where","","","Identifier","/BG-ROOT/BT-17","/Invoice/cac:OriginatorDocumentReference/cbc:ID","$.invoice.tenderOrLotReference","Invoice","TenderOrLotReference","","","EN 16931-1 Table 2",""
"18","","BT-18","1","A","0..1","Invoiced object identifier","An identifier for an object on which the invoice is based, given by the Seller.","","","Identifier","/BG-ROOT/BT-18","/Invoice/cac:AdditionalDocumentReference[cbc:DocumentTypeCode='130']/cbc:ID","$.invoice.invoicedObjectIdentifier","Invoice","InvoicedObjectIdentifier","","","EN 16931-1 Table 2",""
"19","","BT-19","1","A","0..1","Buyer accounting reference","A textual value that specifies where to book the relevant data into the Buyer's financial accounts.","","","Text","/BG-ROOT/BT-19","/Invoice/cbc:AccountingCost","$.invoice.buyerAccountingReference","Invoice","BuyerAccountingReference","","","EN 16931-1 Table 2",""
"20","","BT-20","1","A","0..1","Payment terms","A textual description of the payment terms that apply to the amount due for payment (Including description of possible penalties). A group of business terms providing","","","Text","/BG-ROOT/BT-20","/Invoice/cac:PaymentTerms/cbc:Note","$.invoice.paymentTerms","Invoice","PaymentTerms","","","EN 16931-1 Table 2",""
"21","","BG-1","1","C","0..*","Invoice note","textual notes that are relevant for the invoice, together with an indication of the note subject.","","","","/BG-ROOT/BG-1","/Invoice/cbc:Note","$.invoice.invoiceNote","Invoice note","InvoiceInvoiceNote","","","EN 16931-1 Table 2",""
"22","","BT-21","2","A","0..1","Invoice note subject code","The subject of the textual note in BT-22. A textual note that gives","","","Code","/BG-ROOT/BG-1/BT-21","/Invoice/cbc:Note/@subjectCode","$.invoice.invoiceNote.invoiceNoteSubjectCode","Invoice note","InvoiceNoteSubjectCode","","","EN 16931-1 Table 2",""
"23","","BT-22","2","A","1..1","Invoice note","unstructured information that is relevant to the Invoice as a whole. A group of business terms providing","","","Text","/BG-ROOT/BG-1/BT-22","/Invoice/cbc:Note","$.invoice.invoiceNote.invoiceNote","Invoice note","InvoiceNoteInvoiceNote","","","EN 16931-1 Table 2",""
"24","","BG-2","1","C","1..1","Process control","information on the business process and rules applicable to the Invoice document. Identifies the business process","","","","/BG-ROOT/BG-2","/Invoice","$.invoice.processControl","Process control","ProcessControl","","","EN 16931-1 Table 2",""
"25","","BT-23","2","A","0..1","Business process type","context in which the transaction appears, to enable the Buyer to process the Invoice in an appropriate way. An identification of the specification containing the total set of rules","","","Identifier","/BG-ROOT/BG-2/BT-23","/Invoice/cbc:ProfileID","$.invoice.processControl.businessProcessType","Process control","BusinessProcessType","","","EN 16931-1 Table 2",""
"26","","BT-24","2","A","1..1","Specification identifier","regarding semantic content, cardinalities and business rules to","","","Identifier","/BG-ROOT/BG-2/BT-24","/Invoice/cbc:CustomizationID","$.invoice.processControl.specificationIdentifier","Process control","SpecificationIdentifier","","","EN 16931-1 Table 2",""
"27","","BG-3","1","C","0..*","Preceding invoice reference","A group of business terms providing information on one or more preceding Invoices.","","","","/BG-ROOT/BG-3","/Invoice/cac:BillingReference/cac:InvoiceDocumentReference","$.invoice.precedingInvoiceReference","Preceding invoice reference","InvoicePrecedingInvoiceReference","","","EN 16931-1 Table 2",""
"28","","BT-25","2","A","1..1","Preceding invoice reference","The identification of an Invoice that was previously sent by the Seller. The date when the Preceding","","","Identifier","/BG-ROOT/BG-3/BT-25","/Invoice/cac:BillingReference/cac:InvoiceDocumentReference/cbc:ID","$.invoice.precedingInvoiceReference.precedingInvoiceReference","Preceding invoice reference","PrecedingInvoiceReferencePrecedingInvoiceReference","","","EN 16931-1 Table 2",""
"29","","BT-26","2","A","0..1","Preceding invoice issue date","Invoice was issued.","","","Date","/BG-ROOT/BG-3/BT-26","/Invoice/cac:BillingReference/cac:InvoiceDocumentReference/cbc:IssueDate","$.invoice.precedingInvoiceReference.precedingInvoiceIssueDate","Preceding invoice reference","PrecedingInvoiceIssueDate","","","EN 16931-1 Table 2",""
"30","","BG-4","1","C","1..1","Seller","A group of business terms providing information about the Seller. The full formal name by which the","","","","/BG-ROOT/BG-4","/Invoice/cac:AccountingSupplierParty/cac:Party","$.invoice.seller","Seller","Seller","","","EN 16931-1 Table 2",""
"31","","BT-27","2","A","1..1","Seller name","Seller is registered in the national registry of legal entities or as a Taxable person or otherwise trades as a person or persons. A name by which the Seller is","","","Text","/BG-ROOT/BG-4/BT-27","/Invoice/cac:AccountingSupplierParty/cac:Party/cac:PartyLegalEntity/cbc:RegistrationName","$.invoice.seller.sellerName","Seller","SellerName","","","EN 16931-1 Table 2",""
"32","","BT-28","2","A","0..1","Seller trading name","Name under which the seller trades.","","","Text","/BG-ROOT/BG-4/BT-28","/Invoice/cac:AccountingSupplierParty/cac:Party/cac:PartyName/cbc:Name","$.invoice.seller.sellerTradingName","Seller","SellerTradingName","","","EN 16931-1 Table 2",""
"33","","BT-29","2","A","0..*","Seller identifier","The identification scheme identifier of the Seller identifier. An identifier issued by an official","","","Identifier","/BG-ROOT/BG-4/BT-29","/Invoice/cac:AccountingSupplierParty/cac:Party/cac:PartyIdentification/cbc:ID","$.invoice.seller.sellerIdentifier","Seller","SellerIdentifier","sellerIdentifier","","EN 16931-1 Table 2",""
"34","","BT-30","2","A","0..1","Seller legal registration identifier","registrar that identifies the Seller as a legal entity or person. The identification scheme identifier of the Seller legal registration identifier. The Seller's VAT identifier (also known as Seller VAT identification","","","Identifier","/BG-ROOT/BG-4/BT-30","/Invoice/cac:AccountingSupplierParty/cac:Party/cac:PartyLegalEntity/cbc:CompanyID","$.invoice.seller.sellerLegalRegistrationIdentifier","Seller","SellerLegalRegistrationIdentifier","","","EN 16931-1 Table 2",""
"35","","BT-31","2","A","0..1","Seller VAT identifier","number). The local identification (defined by the Seller’s address) of the Seller for tax purposes or a reference that enables the Seller to state his","","","Identifier","/BG-ROOT/BG-4/BT-31","/Invoice/cac:AccountingSupplierParty/cac:Party/cac:PartyTaxScheme/cbc:CompanyID","$.invoice.seller.sellerVatIdentifier","Seller","SellerVatIdentifier","","","EN 16931-1 Table 2",""
"36","","BT-32","2","A","0..1","Seller tax registration identifier","registered tax status.","","","Identifier","/BG-ROOT/BG-4/BT-32","/Invoice/cac:AccountingSupplierParty/cac:Party/cac:PartyTaxScheme[cac:TaxScheme/cbc:ID!='VAT']/cbc:CompanyID","$.invoice.seller.sellerTaxRegistrationIdentifier","Seller","SellerTaxRegistrationIdentifier","","","EN 16931-1 Table 2",""
"37","","BT-33","2","A","0..1","Seller additional legal information","Additional legal information relevant for the Seller.","","","Text","/BG-ROOT/BG-4/BT-33","/Invoice/cac:AccountingSupplierParty/cac:Party/cac:PartyLegalEntity/cbc:CompanyLegalForm","$.invoice.seller.sellerAdditionalLegalInformation","Seller","SellerAdditionalLegalInformation","","","EN 16931-1 Table 2",""
"38","","BT-34","2","A","0..1","Seller electronic address","address to which the application level response to the invoice may be delivered. The identification scheme identifier of the Seller electronic address. A group of business terms providing","","","Identifier","/BG-ROOT/BG-4/BT-34","/Invoice/cac:AccountingSupplierParty/cac:Party/cbc:EndpointID","$.invoice.seller.sellerElectronicAddress","Seller","SellerElectronicAddress","","","EN 16931-1 Table 2",""
"39","","BG-5","2","C","1..1","Seller postal address","information about the address of the Seller.","","","","/BG-ROOT/BG-4/BG-5","/Invoice/cac:AccountingSupplierParty/cac:Party/cac:PostalAddress","$.invoice.seller.sellerPostalAddress","Seller postal address","SellerPostalAddress","","","EN 16931-1 Table 2",""
"40","","BT-35","3","A","0..1","Seller address line 1","The main address line in an address. An additional address line in an","","","Text","/BG-ROOT/BG-4/BG-5/BT-35","/Invoice/cac:AccountingSupplierParty/cac:Party/cac:PostalAddress/cac:AddressLine/cbc:Line","$.invoice.seller.sellerPostalAddress.sellerAddressLine1","Seller postal address","SellerAddressLine1","","","EN 16931-1 Table 2",""
"41","","BT-36","3","A","0..1","Seller address line 2","address that can be used to give further details supplementing the main line. An additional address line in an","","","Text","/BG-ROOT/BG-4/BG-5/BT-36","/Invoice/cac:AccountingSupplierParty/cac:Party/cac:PostalAddress/cbc:AdditionalStreetName","$.invoice.seller.sellerPostalAddress.sellerAddressLine2","Seller postal address","SellerAddressLine2","","","EN 16931-1 Table 2",""
"42","","BT-162","3","A","0..1","Seller address line 3","address that can be used to give further details supplementing the main line. The common name of the city, town","","","Text","/BG-ROOT/BG-4/BG-5/BT-162","/Invoice/cac:AccountingSupplierParty/cac:Party/cac:PostalAddress/cac:AddressLine/cbc:Line","$.invoice.seller.sellerPostalAddress.sellerAddressLine3","Seller postal address","SellerAddressLine3","","","EN 16931-1 Table 2",""
"43","","BT-37","3","A","1..1","Seller city","or village, where the Seller address is located. The identifier for an addressable","","","Text","/BG-ROOT/BG-4/BG-5/BT-37","/Invoice/cac:AccountingSupplierParty/cac:Party/cac:PostalAddress/cbc:CityName","$.invoice.seller.sellerPostalAddress.sellerCity","Seller postal address","SellerCity","","","EN 16931-1 Table 2",""
"44","","BT-38","3","A","1..1","Seller post code","group of properties according to the relevant postal service.","","","Text","/BG-ROOT/BG-4/BG-5/BT-38","/Invoice/cac:AccountingSupplierParty/cac:Party/cac:PostalAddress/cbc:PostalZone","$.invoice.seller.sellerPostalAddress.sellerPostCode","Seller postal address","SellerPostCode","","","EN 16931-1 Table 2",""
"45","","BT-39","3","A","0..1","Seller country subdivision","The subdivision of a country.","","","Text","/BG-ROOT/BG-4/BG-5/BT-39","/Invoice/cac:AccountingSupplierParty/cac:Party/cac:PostalAddress/cbc:CountrySubentity","$.invoice.seller.sellerPostalAddress.sellerCountrySubdivision","Seller postal address","SellerCountrySubdivision","","","EN 16931-1 Table 2",""
"46","","BT-40","3","A","1..1","Seller country code","A group of business terms providing contact information about the Seller.","","","Code","/BG-ROOT/BG-4/BG-5/BT-40","/Invoice/cac:AccountingSupplierParty/cac:Party/cac:PostalAddress/cac:Country/cbc:IdentificationCode","$.invoice.seller.sellerPostalAddress.sellerCountryCode","Seller postal address","SellerCountryCode","","","EN 16931-1 Table 2",""
"47","","BG-6","2","C","0..1","Seller contact","A group of business terms providing contact information about the Seller.","","","","/BG-ROOT/BG-4/BG-6","/Invoice/cac:AccountingSupplierParty/cac:Party/cac:Contact","$.invoice.seller.sellerContact","Seller contact","SellerContact","","","EN 16931-1 Table 2",""
"48","","BT-41","3","A","0..1","Seller contact point","A contact point for a legal entity or person.","","","Text","/BG-ROOT/BG-4/BG-6/BT-41","/Invoice/cac:AccountingSupplierParty/cac:Party/cac:Contact/cbc:Name","$.invoice.seller.sellerContact.sellerContactPoint","Seller contact","SellerContactPoint","","","EN 16931-1 Table 2",""
"49","","BT-42","3","A","0..1","Seller contact telephone number","A phone number for the contact point.","","","Text","/BG-ROOT/BG-4/BG-6/BT-42","/Invoice/cac:AccountingSupplierParty/cac:Party/cac:Contact/cbc:Telephone","$.invoice.seller.sellerContact.sellerContactTelephoneNumber","Seller contact","SellerContactTelephoneNumber","","","EN 16931-1 Table 2",""
"50","","BT-43","3","A","0..1","Seller contact email address","A group of business terms providing information about the Buyer.","","","Text","/BG-ROOT/BG-4/BG-6/BT-43","/Invoice/cac:AccountingSupplierParty/cac:Party/cac:Contact/cbc:ElectronicMail","$.invoice.seller.sellerContact.sellerContactEmailAddress","Seller contact","SellerContactEmailAddress","","","EN 16931-1 Table 2",""
"51","","BG-7","1","C","1..1","Buyer","Buyer party information.","","","","/BG-ROOT/BG-7","/Invoice/cac:AccountingCustomerParty/cac:Party","$.invoice.buyer","Buyer","Buyer","","","EN 16931-1 Table 2",""
"52","","BT-44","2","A","1..1","Buyer name","The full name of the Buyer. A name by which the Buyer is","","","Text","/BG-ROOT/BG-7/BT-44","/Invoice/cac:AccountingCustomerParty/cac:Party/cac:PartyLegalEntity/cbc:RegistrationName","$.invoice.buyer.buyerName","Buyer","BuyerName","","","EN 16931-1 Table 2",""
"53","","BT-45","2","A","0..1","Buyer trading name","known, other than Buyer name (also known as Business name). An identifier of the Buyer.","","","Text","/BG-ROOT/BG-7/BT-45","/Invoice/cac:AccountingCustomerParty/cac:Party/cac:PartyName/cbc:Name","$.invoice.buyer.buyerTradingName","Buyer","BuyerTradingName","","","EN 16931-1 Table 2",""
"54","","BT-46","2","A","0..*","Buyer identifier","The identification scheme identifier","","","Identifier","/BG-ROOT/BG-7/BT-46","/Invoice/cac:AccountingCustomerParty/cac:Party/cac:PartyIdentification/cbc:ID","$.invoice.buyer.buyerIdentifier","Buyer","BuyerIdentifier","buyerIdentifier","","EN 16931-1 Table 2",""
"55","","BT-47","2","A","0..1","Buyer legal registration identifier","An identifier issued by an official registrar that identifies the Buyer as a legal entity or person. The identification scheme identifier of the Buyer legal registration identifier.","","","Identifier","/BG-ROOT/BG-7/BT-47","/Invoice/cac:AccountingCustomerParty/cac:Party/cac:PartyLegalEntity/cbc:CompanyID","$.invoice.buyer.buyerLegalRegistrationIdentifier","Buyer","BuyerLegalRegistrationIdentifier","","","EN 16931-1 Table 2",""
"56","","BT-48","2","A","0..1","Buyer VAT identifier","The Buyer's VAT identifier (also known as Buyer VAT identification number). Identifies the Buyer's electronic","","","Identifier","/BG-ROOT/BG-7/BT-48","/Invoice/cac:AccountingCustomerParty/cac:Party/cac:PartyTaxScheme/cbc:CompanyID","$.invoice.buyer.buyerVatIdentifier","Buyer","BuyerVatIdentifier","","","EN 16931-1 Table 2",""
"57","","BT-49","2","A","0..1","Buyer electronic address","address to which the invoice is delivered. The identification scheme identifier of the Buyer electronic address. A group of business terms providing","","","Identifier","/BG-ROOT/BG-7/BT-49","/Invoice/cac:AccountingCustomerParty/cac:Party/cbc:EndpointID","$.invoice.buyer.buyerElectronicAddress","Buyer","BuyerElectronicAddress","","","EN 16931-1 Table 2",""
"58","","BG-8","2","C","1..1","Buyer postal address","information about the postal address for the Buyer.","","","","/BG-ROOT/BG-7/BG-8","/Invoice/cac:AccountingCustomerParty/cac:Party/cac:PostalAddress","$.invoice.buyer.buyerPostalAddress","Buyer postal address","BuyerPostalAddress","","","EN 16931-1 Table 2",""
"59","","BT-50","3","A","0..1","Buyer address line 1","The main address line in an address. An additional address line in an","","","Text","/BG-ROOT/BG-7/BG-8/BT-50","/Invoice/cac:AccountingCustomerParty/cac:Party/cac:PostalAddress/cac:AddressLine/cbc:Line","$.invoice.buyer.buyerPostalAddress.buyerAddressLine1","Buyer postal address","BuyerAddressLine1","","","EN 16931-1 Table 2",""
"60","","BT-51","3","A","0..1","Buyer address line 2","address that can be used to give","","","Text","/BG-ROOT/BG-7/BG-8/BT-51","/Invoice/cac:AccountingCustomerParty/cac:Party/cac:PostalAddress/cbc:AdditionalStreetName","$.invoice.buyer.buyerPostalAddress.buyerAddressLine2","Buyer postal address","BuyerAddressLine2","","","EN 16931-1 Table 2",""
"61","","BT-163","3","A","0..1","Buyer address line 3","address that can be used to give further details supplementing the main line. The common name of the city, town","","","Text","/BG-ROOT/BG-7/BG-8/BT-163","/Invoice/cac:AccountingCustomerParty/cac:Party/cac:PostalAddress/cac:AddressLine/cbc:Line","$.invoice.buyer.buyerPostalAddress.buyerAddressLine3","Buyer postal address","BuyerAddressLine3","","","EN 16931-1 Table 2",""
"62","","BT-52","3","A","1..1","Buyer city","or village, where the Buyer's address is located. The identifier for an addressable","","","Text","/BG-ROOT/BG-7/BG-8/BT-52","/Invoice/cac:AccountingCustomerParty/cac:Party/cac:PostalAddress/cbc:CityName","$.invoice.buyer.buyerPostalAddress.buyerCity","Buyer postal address","BuyerCity","","","EN 16931-1 Table 2",""
"63","","BT-53","3","A","1..1","Buyer post code","group of properties according to the relevant postal service.","","","Text","/BG-ROOT/BG-7/BG-8/BT-53","/Invoice/cac:AccountingCustomerParty/cac:Party/cac:PostalAddress/cbc:PostalZone","$.invoice.buyer.buyerPostalAddress.buyerPostCode","Buyer postal address","BuyerPostCode","","","EN 16931-1 Table 2",""
"64","","BT-54","3","A","0..1","Buyer country subdivision","The subdivision of a country.","","","Text","/BG-ROOT/BG-7/BG-8/BT-54","/Invoice/cac:AccountingCustomerParty/cac:Party/cac:PostalAddress/cbc:CountrySubentity","$.invoice.buyer.buyerPostalAddress.buyerCountrySubdivision","Buyer postal address","BuyerCountrySubdivision","","","EN 16931-1 Table 2",""
"65","","BT-55","3","A","1..1","Buyer country code","A code that identifies the country.","","","Code","/BG-ROOT/BG-7/BG-8/BT-55","/Invoice/cac:AccountingCustomerParty/cac:Party/cac:PostalAddress/cac:Country/cbc:IdentificationCode","$.invoice.buyer.buyerPostalAddress.buyerCountryCode","Buyer postal address","BuyerCountryCode","","","EN 16931-1 Table 2",""
"66","","BG-9","2","C","0..1","Buyer contact","A group of business terms providing contact information relevant for the Buyer. A contact point for a legal entity or","","","","/BG-ROOT/BG-7/BG-9","/Invoice/cac:AccountingCustomerParty/cac:Party/cac:Contact","$.invoice.buyer.buyerContact","Buyer contact","BuyerContact","","","EN 16931-1 Table 2",""
"67","","BT-56","3","A","0..1","Buyer contact point","person. A phone number for the contact","","","Text","/BG-ROOT/BG-7/BG-9/BT-56","/Invoice/cac:AccountingCustomerParty/cac:Party/cac:Contact/cbc:Name","$.invoice.buyer.buyerContact.buyerContactPoint","Buyer contact","BuyerContactPoint","","","EN 16931-1 Table 2",""
"68","","BT-57","3","A","0..1","Buyer contact telephone number","point.","","","Text","/BG-ROOT/BG-7/BG-9/BT-57","/Invoice/cac:AccountingCustomerParty/cac:Party/cac:Contact/cbc:Telephone","$.invoice.buyer.buyerContact.buyerContactTelephoneNumber","Buyer contact","BuyerContactTelephoneNumber","","","EN 16931-1 Table 2",""
"69","","BT-58","3","A","0..1","Buyer contact email address","An e-mail address for the contact point.","","","Text","/BG-ROOT/BG-7/BG-9/BT-58","/Invoice/cac:AccountingCustomerParty/cac:Party/cac:Contact/cbc:ElectronicMail","$.invoice.buyer.buyerContact.buyerContactEmailAddress","Buyer contact","BuyerContactEmailAddress","","","EN 16931-1 Table 2",""
"70","","BG-10","1","C","0..1","Payee","information about the Payee, i.e. the role that receives the payment.","","","","/BG-ROOT/BG-10","/Invoice/cac:PayeeParty","$.invoice.payee","Payee","Payee","","","EN 16931-1 Table 2",""
"71","","BT-59","2","A","1..1","Payee name","The name of the Payee. An identifier for the Payee.","","","Text","/BG-ROOT/BG-10/BT-59","/Invoice/cac:PayeeParty/cac:PartyName/cbc:Name","$.invoice.payee.payeeName","Payee","PayeeName","","","EN 16931-1 Table 2",""
"72","","BT-60","2","A","0..1","Payee identifier","The identification scheme identifier of the Payee identifier. An identifier issued by an official registrar that identifies the Payee as","","","Identifier","/BG-ROOT/BG-10/BT-60","/Invoice/cac:PayeeParty/cac:PartyIdentification/cbc:ID","$.invoice.payee.payeeIdentifier","Payee","PayeeIdentifier","","","EN 16931-1 Table 2",""
"73","","BT-61","2","A","0..1","Payee legal registration identifier","a legal entity or person. The identification scheme identifier of the Payee legal registration identifier. A group of business terms providing","","","Identifier","/BG-ROOT/BG-10/BT-61","/Invoice/cac:PayeeParty/cac:PartyLegalEntity/cbc:CompanyID","$.invoice.payee.payeeLegalRegistrationIdentifier","Payee","PayeeLegalRegistrationIdentifier","","","EN 16931-1 Table 2",""
"74","","BG-11","1","C","0..1","Seller tax representative party","information about the Seller's tax representative. The full name of the Seller's tax","","","","/BG-ROOT/BG-11","/Invoice/cac:TaxRepresentativeParty","$.invoice.sellerTaxRepresentativeParty","Seller tax representative party","SellerTaxRepresentativeParty","","","EN 16931-1 Table 2",""
"75","","BT-62","2","A","1..1","Seller tax representative name","The full name of the Seller's tax representative party.","","","Text","/BG-ROOT/BG-11/BT-62","/Invoice/cac:TaxRepresentativeParty/cac:PartyName/cbc:Name","$.invoice.sellerTaxRepresentativeParty.sellerTaxRepresentativeName","Seller tax representative party","SellerTaxRepresentativeName","","","EN 16931-1 Table 2",""
"76","","BT-63","2","A","1..1","Seller tax representative VAT identifier","The VAT identifier of the Seller's tax representative party. A group of business terms providing","","","Identifier","/BG-ROOT/BG-11/BT-63","/Invoice/cac:TaxRepresentativeParty/cac:PartyTaxScheme/cbc:CompanyID","$.invoice.sellerTaxRepresentativeParty.sellerTaxRepresentativeVatIdentifier","Seller tax representative party","SellerTaxRepresentativeVatIdentifier","","","EN 16931-1 Table 2",""
"77","","BG-12","2","C","1..1","Seller tax representative postal address","information about the postal address for the tax representative party.","","","","/BG-ROOT/BG-11/BG-12","/Invoice/cac:TaxRepresentativeParty/cac:PostalAddress","$.invoice.sellerTaxRepresentativeParty.sellerTaxRepresentativePostalAddress","Seller tax representative postal address","SellerTaxRepresentativePostalAddress","","","EN 16931-1 Table 2",""
"78","","BT-64","3","A","0..1","Tax representative address line 1","The main address line in an address. An additional address line in an","","","Text","/BG-ROOT/BG-11/BG-12/BT-64","/Invoice/cac:TaxRepresentativeParty/cac:PostalAddress/cbc:StreetName","$.invoice.sellerTaxRepresentativeParty.sellerTaxRepresentativePostalAddress.taxRepresentativeAddressLine1","Seller tax representative postal address","TaxRepresentativeAddressLine1","","","EN 16931-1 Table 2",""
"79","","BT-65","3","A","0..1","Tax representative address line 2","address that can be used to give further details supplementing the main line. An additional address line in an","","","Text","/BG-ROOT/BG-11/BG-12/BT-65","/Invoice/cac:TaxRepresentativeParty/cac:PostalAddress/cbc:AdditionalStreetName","$.invoice.sellerTaxRepresentativeParty.sellerTaxRepresentativePostalAddress.taxRepresentativeAddressLine2","Seller tax representative postal address","TaxRepresentativeAddressLine2","","","EN 16931-1 Table 2",""
"80","","BT-164","3","A","0..1","Tax representative address line 3","address that can be used to give further details supplementing the main line. The common name of the city, town","","","Text","/BG-ROOT/BG-11/BG-12/BT-164","/Invoice/cac:TaxRepresentativeParty/cac:PostalAddress/cac:AddressLine/cbc:Line","$.invoice.sellerTaxRepresentativeParty.sellerTaxRepresentativePostalAddress.taxRepresentativeAddressLine3","Seller tax representative postal address","TaxRepresentativeAddressLine3","","","EN 16931-1 Table 2",""
"81","","BT-66","3","A","0..1","Tax representative city","or village, where the tax representative address is located. The identifier for an addressable","","","Text","/BG-ROOT/BG-11/BG-12/BT-66","/Invoice/cac:TaxRepresentativeParty/cac:PostalAddress/cbc:CityName","$.invoice.sellerTaxRepresentativeParty.sellerTaxRepresentativePostalAddress.taxRepresentativeCity","Seller tax representative postal address","TaxRepresentativeCity","","","EN 16931-1 Table 2",""
"82","","BT-67","3","A","0..1","Tax representative post code","group of properties according to the relevant postal service.","","","Text","/BG-ROOT/BG-11/BG-12/BT-67","/Invoice/cac:TaxRepresentativeParty/cac:PostalAddress/cbc:PostalZone","$.invoice.sellerTaxRepresentativeParty.sellerTaxRepresentativePostalAddress.taxRepresentativePostCode","Seller tax representative postal address","TaxRepresentativePostCode","","","EN 16931-1 Table 2",""
"83","","BT-68","3","A","0..1","Tax representative country subdivision","The subdivision of a country.","","","Text","/BG-ROOT/BG-11/BG-12/BT-68","/Invoice/cac:TaxRepresentativeParty/cac:PostalAddress/cbc:CountrySubentity","$.invoice.sellerTaxRepresentativeParty.sellerTaxRepresentativePostalAddress.taxRepresentativeCountrySubdivision","Seller tax representative postal address","TaxRepresentativeCountrySubdivision","","","EN 16931-1 Table 2",""
"84","","BT-69","3","A","1..1","Tax representative country code","A code that identifies the country. A group of business terms providing","","","Code","/BG-ROOT/BG-11/BG-12/BT-69","/Invoice/cac:TaxRepresentativeParty/cac:PostalAddress/cac:Country/cbc:IdentificationCode","$.invoice.sellerTaxRepresentativeParty.sellerTaxRepresentativePostalAddress.taxRepresentativeCountryCode","Seller tax representative postal address","TaxRepresentativeCountryCode","","","EN 16931-1 Table 2",""
"85","","BG-13","1","C","0..1","Delivery information","information about where and when the goods and services invoiced are delivered.","","","","/BG-ROOT/BG-13","/Invoice/cac:Delivery","$.invoice.deliveryInformation","Delivery information","DeliveryInformation","","","EN 16931-1 Table 2",""
"86","","BT-70","2","A","0..1","Deliver to party name","The name of the party to which the goods and services are delivered.","","","Text","/BG-ROOT/BG-13/BT-70","/Invoice/cac:Delivery/cac:DeliveryParty/cac:PartyName/cbc:Name","$.invoice.deliveryInformation.deliverToPartyName","Delivery information","DeliverToPartyName","","","EN 16931-1 Table 2",""
"87","","BT-71","2","A","0..1","Deliver to location identifier","An identifier for the location at which the goods and services are delivered. The identification scheme identifier of the Deliver to location identifier. the date on which the supply of","","","Identifier","/BG-ROOT/BG-13/BT-71","/Invoice/cac:Delivery/cac:DeliveryLocation/cbc:ID","$.invoice.deliveryInformation.deliverToLocationIdentifier","Delivery information","DeliverToLocationIdentifier","","","EN 16931-1 Table 2",""
"88","","BT-72","2","A","0..1","Actual delivery date","goods or services was made or completed. A group of business terms providing","","","Date","/BG-ROOT/BG-13/BT-72","/Invoice/cac:Delivery/cbc:ActualDeliveryDate","$.invoice.deliveryInformation.actualDeliveryDate","Delivery information","ActualDeliveryDate","","","EN 16931-1 Table 2",""
"89","","BG-14","1","C","0..1","Invoicing period","information on the invoice period. The date when the Invoice period","","","","/BG-ROOT/BG-14","/Invoice/cac:InvoicePeriod","$.invoice.invoicingPeriod","Invoicing period","InvoicingPeriod","","","EN 16931-1 Table 2",""
"90","","BT-73","2","A","0..1","Invoicing period start date","starts.","","","Date","/BG-ROOT/BG-14/BT-73","/Invoice/cac:InvoicePeriod/cbc:StartDate","$.invoice.invoicingPeriod.invoicingPeriodStartDate","Invoicing period","InvoicingPeriodStartDate","","","EN 16931-1 Table 2",""
"91","","BT-74","2","A","0..1","Invoicing period end date","The date when the Invoice period ends.","","","Date","/BG-ROOT/BG-14/BT-74","/Invoice/cac:InvoicePeriod/cbc:EndDate","$.invoice.invoicingPeriod.invoicingPeriodEndDate","Invoicing period","InvoicingPeriodEndDate","","","EN 16931-1 Table 2",""
"92","","BG-15","2","C","0..1","Deliver to address","information about the address to which goods and services invoiced were or are delivered.","","","","/BG-ROOT/BG-13/BG-15","/Invoice/cac:Delivery/cac:DeliveryLocation/cac:Address","$.invoice.deliveryInformation.deliverToAddress","Deliver to address","DeliverToAddress","","","EN 16931-1 Table 2",""
"93","","BT-75","3","A","0..1","Deliver to address line 1","The main address line in an address. An additional address line in an","","","Text","/BG-ROOT/BG-13/BG-15/BT-75","/Invoice/cac:Delivery/cac:DeliveryLocation/cac:Address/cbc:StreetName","$.invoice.deliveryInformation.deliverToAddress.deliverToAddressLine1","Deliver to address","DeliverToAddressLine1","","","EN 16931-1 Table 2",""
"94","","BT-76","3","A","0..1","Deliver to address line 2","address that can be used to give further details supplementing the main line. An additional address line in an","","","Text","/BG-ROOT/BG-13/BG-15/BT-76","/Invoice/cac:Delivery/cac:DeliveryLocation/cac:Address/cbc:AdditionalStreetName","$.invoice.deliveryInformation.deliverToAddress.deliverToAddressLine2","Deliver to address","DeliverToAddressLine2","","","EN 16931-1 Table 2",""
"95","","BT-165","3","A","0..1","Deliver to address line 3","address that can be used to give further details supplementing the main line. The common name of the city, town","","","Text","/BG-ROOT/BG-13/BG-15/BT-165","/Invoice/cac:Delivery/cac:DeliveryLocation/cac:Address/cac:AddressLine/cbc:Line","$.invoice.deliveryInformation.deliverToAddress.deliverToAddressLine3","Deliver to address","DeliverToAddressLine3","","","EN 16931-1 Table 2",""
"96","","BT-77","3","A","0..1","Deliver to city","or village, where the deliver to address is located. The identifier for an addressable","","","Text","/BG-ROOT/BG-13/BG-15/BT-77","/Invoice/cac:Delivery/cac:DeliveryLocation/cac:Address/cbc:CityName","$.invoice.deliveryInformation.deliverToAddress.deliverToCity","Deliver to address","DeliverToCity","","","EN 16931-1 Table 2",""
"97","","BT-78","3","A","0..1","Deliver to post code","group of properties according to the relevant postal service.","","","Text","/BG-ROOT/BG-13/BG-15/BT-78","/Invoice/cac:Delivery/cac:DeliveryLocation/cac:Address/cbc:PostalZone","$.invoice.deliveryInformation.deliverToAddress.deliverToPostCode","Deliver to address","DeliverToPostCode","","","EN 16931-1 Table 2",""
"98","","BT-79","3","A","0..1","Deliver to country subdivision","The subdivision of a country.","","","Text","/BG-ROOT/BG-13/BG-15/BT-79","/Invoice/cac:Delivery/cac:DeliveryLocation/cac:Address/cbc:CountrySubentity","$.invoice.deliveryInformation.deliverToAddress.deliverToCountrySubdivision","Deliver to address","DeliverToCountrySubdivision","","","EN 16931-1 Table 2",""
"99","","BT-80","3","A","1..1","Deliver to country code","A code that identifies the country.","","","Code","/BG-ROOT/BG-13/BG-15/BT-80","/Invoice/cac:Delivery/cac:DeliveryLocation/cac:Address/cac:Country/cbc:IdentificationCode","$.invoice.deliveryInformation.deliverToAddress.deliverToCountryCode","Deliver to address","DeliverToCountryCode","","","EN 16931-1 Table 2",""
"100","","BG-16","1","C","0..*","Payment instructions","Information about payment means.","","","","/BG-ROOT/BG-16","/Invoice/cac:PaymentMeans","$.invoice.paymentInstructions","Payment instruction","PaymentInstructions","paymentInstructions","","EN 16931-1 Table 2",""
"101","","BT-81","2","A","1..1","Payment means type code","has been settled. The means, expressed as text, for","","","Code","/BG-ROOT/BG-16/BT-81","/Invoice/cac:PaymentMeans/cbc:PaymentMeansCode","$.invoice.paymentInstructions.paymentMeansTypeCode","Payment instruction","PaymentMeansTypeCode","","","EN 16931-1 Table 2",""
"102","","BT-82","2","A","0..1","Payment means text","how a payment is expected to be or has been settled. A textual value used to establish a","","","Text","/BG-ROOT/BG-16/BT-82","/Invoice/cac:PaymentMeans/cbc:PaymentMeansCode/@name","$.invoice.paymentInstructions.paymentMeansText","Payment instruction","PaymentMeansText","","","EN 16931-1 Table 2",""
"103","","BT-83","2","A","0..1","Payment remittance information","Remittance information for matching payment.","","","Text","/BG-ROOT/BG-16/BT-83","/Invoice/cac:PaymentMeans/cbc:PaymentID","$.invoice.paymentInstructions.paymentRemittanceInformation","Payment instruction","PaymentRemittanceInformation","","","EN 16931-1 Table 2",""
"104","","BG-17","2","C","0..*","Credit transfer","Payment terms textual information.","","","","/BG-ROOT/BG-16/BG-17","/Invoice/cac:PaymentMeans/cac:PayeeFinancialAccount","$.invoice.paymentInstructions.creditTransfer","Credit transfer","CreditTransfer","","","EN 16931-1 Table 2",""
"105","","BT-84","3","A","0..1","Payment account identifier","payment account, at a payment service provider, to which payment should be made. The name of the payment account,","","","Identifier","/BG-ROOT/BG-16/BG-17/BT-84","/Invoice/cac:PaymentMeans/cac:PayeeFinancialAccount/cbc:ID","$.invoice.paymentInstructions.creditTransfer.paymentAccountIdentifier","Credit transfer","PaymentAccountIdentifier","","","EN 16931-1 Table 2",""
"106","","BT-85","3","A","0..1","Payment account name","at a payment service provider, to which payment should be made. An identifier for the payment","","","Text","/BG-ROOT/BG-16/BG-17/BT-85","/Invoice/cac:PaymentMeans/cac:PayeeFinancialAccount/cbc:Name","$.invoice.paymentInstructions.creditTransfer.paymentAccountName","Credit transfer","PaymentAccountName","","","EN 16931-1 Table 2",""
"107","","BT-86","3","A","0..1","Payment service provider identifier","service provider where a payment account is located. A group of business terms providing","","","Identifier","/BG-ROOT/BG-16/BG-17/BT-86","/Invoice/cac:PaymentMeans/cac:PayeeFinancialAccount/cac:FinancialInstitutionBranch/cbc:ID","$.invoice.paymentInstructions.creditTransfer.paymentServiceProviderIdentifier","Credit transfer","PaymentServiceProviderIdentifier","","","EN 16931-1 Table 2",""
"108","","BG-18","2","C","0..1","Payment card information","information about card used for payment contemporaneous with invoice issuance.","","","","/BG-ROOT/BG-16/BG-18","/Invoice/cac:PaymentMeans/cac:CardAccount","$.invoice.paymentInstructions.paymentCardInformation","Payment card information","PaymentCardInformation","","","EN 16931-1 Table 2",""
"109","","BT-87","3","A","1..1","Payment card primary account number","The Primary Account Number (PAN) of the card used for payment.","","","Identifier","/BG-ROOT/BG-16/BG-18/BT-87","/Invoice/cac:PaymentMeans/cac:CardAccount/cbc:PrimaryAccountNumberID","$.invoice.paymentInstructions.paymentCardInformation.paymentCardPrimaryAccountNumber","Payment card information","PaymentCardPrimaryAccountNumber","","","EN 16931-1 Table 2",""
"110","","BT-88","3","A","0..1","Payment card holder name","The name of the payment card holder.","","","Text","/BG-ROOT/BG-16/BG-18/BT-88","/Invoice/cac:PaymentMeans/cac:CardAccount/cbc:HolderName","$.invoice.paymentInstructions.paymentCardInformation.paymentCardHolderName","Payment card information","PaymentCardHolderName","","","EN 16931-1 Table 2",""
"111","","BG-19","2","C","0..1","Direct debit","A group of business terms to specify a direct debit. Unique identifier assigned by the","","","","/BG-ROOT/BG-16/BG-19","/Invoice/cac:PaymentMeans","$.invoice.paymentInstructions.directDebit","Direct debit","DirectDebit","","","EN 16931-1 Table 2",""
"112","","BT-89","3","A","0..1","Mandate reference identifier","Payee for referencing the direct debit mandate. Unique banking reference identifier","","","Identifier","/BG-ROOT/BG-16/BG-19/BT-89","/Invoice/cac:PaymentMeans/cac:PaymentMandate/cbc:ID","$.invoice.paymentInstructions.directDebit.mandateReferenceIdentifier","Direct debit","MandateReferenceIdentifier","","","EN 16931-1 Table 2",""
"113","","BT-90","3","A","0..1","Bank assigned creditor identifier","of the Payee or Seller assigned by the Payee or Seller bank.","","","Identifier","/BG-ROOT/BG-16/BG-19/BT-90","/Invoice/cac:AccountingSupplierParty/cac:Party/cac:PartyIdentification/cbc:ID","$.invoice.paymentInstructions.directDebit.bankAssignedCreditorIdentifier","Direct debit","BankAssignedCreditorIdentifier","","","EN 16931-1 Table 2",""
"114","","BT-91","3","A","0..1","Debited account identifier","The account to be debited by the direct debit. A group of business terms providing","","","Identifier","/BG-ROOT/BG-16/BG-19/BT-91","/Invoice/cac:PaymentMeans/cac:PaymentMandate/cac:PayerFinancialAccount/cbc:ID","$.invoice.paymentInstructions.directDebit.debitedAccountIdentifier","Direct debit","DebitedAccountIdentifier","","","EN 16931-1 Table 2",""
"115","","BG-20","1","C","0..*","Document level allowances","information about allowances applicable to the Invoice as a whole.","","","","/BG-ROOT/BG-20","/Invoice/cac:AllowanceCharge[cbc:ChargeIndicator=false()]","$.invoice.documentLevelAllowances","Document level allowance","DocumentLevelAllowances","documentLevelAllowances","","EN 16931-1 Table 2",""
"116","","BT-92","2","A","1..1","Document level allowance amount","The amount of an allowance, without VAT. The base amount that may be used,","","","Amount","/BG-ROOT/BG-20/BT-92","/Invoice/cac:AllowanceCharge[cbc:ChargeIndicator=false()]/cbc:Amount","$.invoice.documentLevelAllowances.documentLevelAllowanceAmount","Document level allowance","DocumentLevelAllowanceAmount","","","EN 16931-1 Table 2",""
"117","","BT-93","2","A","0..1","Document level allowance base amount","in conjunction with the document level allowance percentage, to calculate the document level allowance amount. The percentage that may be used, in","","","Amount","/BG-ROOT/BG-20/BT-93","/Invoice/cac:AllowanceCharge[cbc:ChargeIndicator=false()]/cbc:BaseAmount","$.invoice.documentLevelAllowances.documentLevelAllowanceBaseAmount","Document level allowance","DocumentLevelAllowanceBaseAmount","","","EN 16931-1 Table 2",""
"118","","BT-94","2","A","0..1","Document level allowance percentage","conjunction with the document level allowance base amount, to calculate","","","Percentage","/BG-ROOT/BG-20/BT-94","/Invoice/cac:AllowanceCharge[cbc:ChargeIndicator=false()]/cbc:MultiplierFactorNumeric","$.invoice.documentLevelAllowances.documentLevelAllowancePercentage","Document level allowance","DocumentLevelAllowancePercentage","","","EN 16931-1 Table 2",""
"119","","BT-95","2","A","1..1","Document level allowance VAT category code","The VAT rate, represented as percentage that applies to the","","","Code","/BG-ROOT/BG-20/BT-95","/Invoice/cac:AllowanceCharge[cbc:ChargeIndicator=false()]/cac:TaxCategory/cbc:ID","$.invoice.documentLevelAllowances.documentLevelAllowanceVatCategoryCode","Document level allowance","DocumentLevelAllowanceVatCategoryCode","","","EN 16931-1 Table 2",""
"120","","BT-96","2","A","0..1","Document level allowance VAT rate","document level allowance.","","","Percentage","/BG-ROOT/BG-20/BT-96","/Invoice/cac:AllowanceCharge[cbc:ChargeIndicator=false()]/cac:TaxCategory/cbc:Percent","$.invoice.documentLevelAllowances.documentLevelAllowanceVatRate","Document level allowance","DocumentLevelAllowanceVatRate","","","EN 16931-1 Table 2",""
"121","","BT-97","2","A","0..1","Document level allowance reason","Reason for a document level allowance.","","","Text","/BG-ROOT/BG-20/BT-97","/Invoice/cac:AllowanceCharge[cbc:ChargeIndicator=false()]/cbc:AllowanceChargeReason","$.invoice.documentLevelAllowances.documentLevelAllowanceReason","Document level allowance","DocumentLevelAllowanceReason","","","EN 16931-1 Table 2",""
"122","","BT-98","2","A","0..1","Document level allowance reason code","The reason for the document level allowance, expressed as a code. A group of business terms providing","","","Code","/BG-ROOT/BG-20/BT-98","/Invoice/cac:AllowanceCharge[cbc:ChargeIndicator=false()]/cbc:AllowanceChargeReasonCode","$.invoice.documentLevelAllowances.documentLevelAllowanceReasonCode","Document level allowance","DocumentLevelAllowanceReasonCode","","","EN 16931-1 Table 2",""
"123","","BG-21","1","C","0..*","Document level charges","information about charges and taxes other than VAT, applicable to the Invoice as a whole. The amount of a charge, without","","","","/BG-ROOT/BG-21","/Invoice/cac:AllowanceCharge[cbc:ChargeIndicator=true()]","$.invoice.documentLevelCharges","Document level charge","DocumentLevelCharges","documentLevelCharges","","EN 16931-1 Table 2",""
"124","","BT-99","2","A","1..1","Document level charge amount","VAT. The base amount that may be used,","","","Amount","/BG-ROOT/BG-21/BT-99","/Invoice/cac:AllowanceCharge[cbc:ChargeIndicator=true()]/cbc:Amount","$.invoice.documentLevelCharges.documentLevelChargeAmount","Document level charge","DocumentLevelChargeAmount","","","EN 16931-1 Table 2",""
"125","","BT-100","2","A","0..1","Document level charge base amount","in conjunction with the document level charge percentage, to calculate the document level charge amount. The percentage that may be used, in","","","Amount","/BG-ROOT/BG-21/BT-100","/Invoice/cac:AllowanceCharge[cbc:ChargeIndicator=true()]/cbc:BaseAmount","$.invoice.documentLevelCharges.documentLevelChargeBaseAmount","Document level charge","DocumentLevelChargeBaseAmount","","","EN 16931-1 Table 2",""
"126","","BT-101","2","A","0..1","Document level charge percentage","conjunction with the document level","","","Percentage","/BG-ROOT/BG-21/BT-101","/Invoice/cac:AllowanceCharge[cbc:ChargeIndicator=true()]/cbc:MultiplierFactorNumeric","$.invoice.documentLevelCharges.documentLevelChargePercentage","Document level charge","DocumentLevelChargePercentage","","","EN 16931-1 Table 2",""
"127","","BT-102","2","A","1..1","Document level charge VAT category code","The VAT rate, represented as","","","Code","/BG-ROOT/BG-21/BT-102","/Invoice/cac:AllowanceCharge[cbc:ChargeIndicator=true()]/cac:TaxCategory/cbc:ID","$.invoice.documentLevelCharges.documentLevelChargeVatCategoryCode","Document level charge","DocumentLevelChargeVatCategoryCode","","","EN 16931-1 Table 2",""
"128","","BT-103","2","A","0..1","Document level charge VAT rate","percentage that applies to the document level charge.","","","Percentage","/BG-ROOT/BG-21/BT-103","/Invoice/cac:AllowanceCharge[cbc:ChargeIndicator=true()]/cac:TaxCategory/cbc:Percent","$.invoice.documentLevelCharges.documentLevelChargeVatRate","Document level charge","DocumentLevelChargeVatRate","","","EN 16931-1 Table 2",""
"129","","BT-104","2","A","0..1","Document level charge reason","Reason for a document level charge.","","","Text","/BG-ROOT/BG-21/BT-104","/Invoice/cac:AllowanceCharge[cbc:ChargeIndicator=true()]/cbc:AllowanceChargeReason","$.invoice.documentLevelCharges.documentLevelChargeReason","Document level charge","DocumentLevelChargeReason","","","EN 16931-1 Table 2",""
"130","","BT-105","2","A","0..1","Document level charge reason code","charge, expressed as a code. A group of business terms providing the monetary totals for the Invoice.","","","Code","/BG-ROOT/BG-21/BT-105","/Invoice/cac:AllowanceCharge[cbc:ChargeIndicator=true()]/cbc:AllowanceChargeReasonCode","$.invoice.documentLevelCharges.documentLevelChargeReasonCode","Document level charge","DocumentLevelChargeReasonCode","","","EN 16931-1 Table 2",""
"131","","BG-22","1","C","1..1","Document totals","Invoice monetary totals.","","","","/BG-ROOT/BG-22","/Invoice/cac:LegalMonetaryTotal","$.invoice.documentTotals","Document total","DocumentTotals","","","EN 16931-1 Table 2",""
"132","","BT-106","2","A","1..1","Sum of invoice line net amount","Sum of all Invoice line net amounts in the Invoice. Sum of all allowances on document","","","Amount","/BG-ROOT/BG-22/BT-106","/Invoice/cac:LegalMonetaryTotal/cbc:LineExtensionAmount","$.invoice.documentTotals.sumOfInvoiceLineNetAmount","Document total","SumOfInvoiceLineNetAmount","","","EN 16931-1 Table 2",""
"133","","BT-107","2","A","0..1","Sum of allowances on document level","level in the Invoice. Sum of all charges on document","","","Amount","/BG-ROOT/BG-22/BT-107","/Invoice/cac:LegalMonetaryTotal/cbc:AllowanceTotalAmount","$.invoice.documentTotals.sumOfAllowancesOnDocumentLevel","Document total","SumOfAllowancesOnDocumentLevel","","","EN 16931-1 Table 2",""
"134","","BT-108","2","A","0..1","Sum of charges on document level","level in the Invoice. The total amount of the Invoice","","","Amount","/BG-ROOT/BG-22/BT-108","/Invoice/cac:LegalMonetaryTotal/cbc:ChargeTotalAmount","$.invoice.documentTotals.sumOfChargesOnDocumentLevel","Document total","SumOfChargesOnDocumentLevel","","","EN 16931-1 Table 2",""
"135","","BT-109","2","A","1..1","Invoice total amount without VAT","without VAT.","","","Amount","/BG-ROOT/BG-22/BT-109","/Invoice/cac:LegalMonetaryTotal/cbc:TaxExclusiveAmount","$.invoice.documentTotals.invoiceTotalAmountWithoutVat","Document total","InvoiceTotalAmountWithoutVat","","","EN 16931-1 Table 2",""
"136","","BT-110","2","A","1..1","Invoice total VAT amount","The total VAT amount for the Invoice. The VAT total amount expressed in the accounting currency accepted or required in the country of the Seller.","","","Amount","/BG-ROOT/BG-22/BT-110","/Invoice/cac:TaxTotal[cbc:TaxAmount/@currencyID=/Invoice/cbc:DocumentCurrencyCode]/cbc:TaxAmount","$.invoice.documentTotals.invoiceTotalVatAmount","Document total","InvoiceTotalVatAmount","","","EN 16931-1 Table 2",""
"137","","BT-111","2","A","0..1","Invoice total VAT amount in accounting currency","The total amount of the Invoice with","","","Amount","/BG-ROOT/BG-22/BT-111","/Invoice/cac:TaxTotal[cbc:TaxAmount/@currencyID=/Invoice/cbc:TaxCurrencyCode]/cbc:TaxAmount","$.invoice.documentTotals.invoiceTotalVatAmountInAccountingCurrency","Document total","InvoiceTotalVatAmountInAccountingCurrency","","","EN 16931-1 Table 2",""
"138","","BT-112","2","A","1..1","Invoice total amount with VAT","Invoice total amount including VAT.","","","Amount","/BG-ROOT/BG-22/BT-112","/Invoice/cac:LegalMonetaryTotal/cbc:TaxInclusiveAmount","$.invoice.documentTotals.invoiceTotalAmountWithVat","Document total","InvoiceTotalAmountWithVat","","","EN 16931-1 Table 2",""
"139","","BT-113","2","A","0..1","Paid amount","been paid in advance. The amount to be added to the","","","Amount","/BG-ROOT/BG-22/BT-113","/Invoice/cac:LegalMonetaryTotal/cbc:PrepaidAmount","$.invoice.documentTotals.paidAmount","Document total","PaidAmount","","","EN 16931-1 Table 2",""
"140","","BT-114","2","A","0..1","Rounding amount","invoice total to round the amount to be paid.","","","Amount","/BG-ROOT/BG-22/BT-114","/Invoice/cac:LegalMonetaryTotal/cbc:PayableRoundingAmount","$.invoice.documentTotals.roundingAmount","Document total","RoundingAmount","","","EN 16931-1 Table 2",""
"141","","BT-115","2","A","1..1","Amount due for payment","The outstanding amount that is requested to be paid. A group of business terms providing","","","Amount","/BG-ROOT/BG-22/BT-115","/Invoice/cac:LegalMonetaryTotal/cbc:PayableAmount","$.invoice.documentTotals.amountDueForPayment","Document total","AmountDueForPayment","","","EN 16931-1 Table 2",""
"142","","BG-23","1","C","1..*","VAT breakdown","information about VAT breakdown by different categories, rates and exemption reasons Sum of all taxable amounts subject","","","","/BG-ROOT/BG-23","/Invoice/cac:TaxTotal[cbc:TaxAmount/@currencyID=/Invoice/cbc:DocumentCurrencyCode]/cac:TaxSubtotal","$.invoice.vatBreakdown","VAT breakdown","VatBreakdown","vatBreakdown","","EN 16931-1 Table 2",""
"143","","BT-116","2","A","1..1","VAT category taxable amount","to a specific VAT category code and VAT category rate (if the VAT category rate is applicable). The total VAT amount for a given","","","Amount","/BG-ROOT/BG-23/BT-116","/Invoice/cac:TaxTotal[cbc:TaxAmount/@currencyID=/Invoice/cbc:DocumentCurrencyCode]/cac:TaxSubtotal/cbc:TaxableAmount","$.invoice.vatBreakdown.vatCategoryTaxableAmount","VAT breakdown","VatCategoryTaxableAmount","","","EN 16931-1 Table 2",""
"144","","BT-117","2","A","1..1","VAT category tax amount","VAT amount for VAT category.","","","Amount","/BG-ROOT/BG-23/BT-117","/Invoice/cac:TaxTotal[cbc:TaxAmount/@currencyID=/Invoice/cbc:DocumentCurrencyCode]/cac:TaxSubtotal/cbc:TaxAmount","$.invoice.vatBreakdown.vatCategoryTaxAmount","VAT breakdown","VatCategoryTaxAmount","","","EN 16931-1 Table 2",""
"145","","BT-118","2","A","1..1","VAT category code","The VAT rate, represented as","","","Code","/BG-ROOT/BG-23/BT-118","/Invoice/cac:TaxTotal[cbc:TaxAmount/@currencyID=/Invoice/cbc:DocumentCurrencyCode]/cac:TaxSubtotal/cac:TaxCategory/cbc:ID","$.invoice.vatBreakdown.vatCategoryCode","VAT breakdown","VatCategoryCode","","","EN 16931-1 Table 2",""
"146","","BT-119","2","A","0..1","VAT category rate","percentage that applies for the relevant VAT category. A textual statement of the reason","","","Decimal","/BG-ROOT/BG-23/BT-119","/Invoice/cac:TaxTotal[cbc:TaxAmount/@currencyID=/Invoice/cbc:DocumentCurrencyCode]/cac:TaxSubtotal/cac:TaxCategory/cbc:Percent","$.invoice.vatBreakdown.vatCategoryRate","VAT breakdown","VatCategoryRate","","","EN 16931-1 Table 2",""
"147","","BT-120","2","A","0..1","VAT exemption reason text","why the amount is exempted from VAT or why no VAT is being charged A coded statement of the reason for why the amount is exempted from","","","Text","/BG-ROOT/BG-23/BT-120","/Invoice/cac:TaxTotal[cbc:TaxAmount/@currencyID=/Invoice/cbc:DocumentCurrencyCode]/cac:TaxSubtotal/cac:TaxCategory/cbc:TaxExemptionReason","$.invoice.vatBreakdown.vatExemptionReasonText","VAT breakdown","VatExemptionReasonText","","","EN 16931-1 Table 2",""
"148","","BT-121","2","A","0..1","VAT exemption reason code","Code identifying the reason for VAT exemption.","","","Code","/BG-ROOT/BG-23/BT-121","/Invoice/cac:TaxTotal[cbc:TaxAmount/@currencyID=/Invoice/cbc:DocumentCurrencyCode]/cac:TaxSubtotal/cac:TaxCategory/cbc:TaxExemptionReasonCode","$.invoice.vatBreakdown.vatExemptionReasonCode","VAT breakdown","VatExemptionReasonCode","","","EN 16931-1 Table 2",""
"149","","BG-24","1","C","0..*","Additional supporting documents","An identifier of the supporting","","","","/BG-ROOT/BG-24","/Invoice/cac:AdditionalDocumentReference","$.invoice.additionalSupportingDocuments","Additional supporting document","AdditionalSupportingDocuments","","","EN 16931-1 Table 2",""
"150","","BT-122","2","A","1..1","Supporting document reference","document. A description of the supporting","","","Identifier","/BG-ROOT/BG-24/BT-122","/Invoice/cac:AdditionalDocumentReference/cbc:ID","$.invoice.additionalSupportingDocuments.supportingDocumentReference","Additional supporting document","SupportingDocumentReference","","","EN 16931-1 Table 2",""
"151","","BT-123","2","A","0..1","Supporting document description","document. The URL (Uniform Resource Locator) that identifies where the external document is located.","","","Text","/BG-ROOT/BG-24/BT-123","/Invoice/cac:AdditionalDocumentReference/cbc:DocumentDescription","$.invoice.additionalSupportingDocuments.supportingDocumentDescription","Additional supporting document","SupportingDocumentDescription","","","EN 16931-1 Table 2",""
"152","","BT-124","2","A","0..1","External document location","The URL (Uniform Resource Locator) that identifies where the external document is located.","","","Identifier","/BG-ROOT/BG-24/BT-124","/Invoice/cac:AdditionalDocumentReference/cac:Attachment/cac:ExternalReference/cbc:URI","$.invoice.additionalSupportingDocuments.externalDocumentLocation","Additional supporting document","ExternalDocumentLocation","","","EN 16931-1 Table 2",""
"153","","BT-125","2","A","0..1","Attached document","An attached document embedded as binary object or sent together with the invoice. The mime code of the attached document. The file name of the attached document A group of business terms providing","","","Binary object","/BG-ROOT/BG-24/BT-125","/Invoice/cac:AdditionalDocumentReference/cac:Attachment/cbc:EmbeddedDocumentBinaryObject","$.invoice.additionalSupportingDocuments.attachedDocument","Additional supporting document","AttachedDocument","","","EN 16931-1 Table 2",""
"154","","BG-25","1","C","1..*","Invoice line","information on individual Invoice lines.","","","","/BG-ROOT/BG-25","/Invoice/cac:InvoiceLine","$.invoice.invoiceLine","Invoice line","InvoiceLine","invoiceLine","","EN 16931-1 Table 2",""
"155","","BT-126","2","A","1..1","Invoice line identifier","A unique identifier for the individual line within the Invoice. A textual note that gives","","","Identifier","/BG-ROOT/BG-25/BT-126","/Invoice/cac:InvoiceLine/cbc:ID","$.invoice.invoiceLine.invoiceLineIdentifier","Invoice line","InvoiceLineIdentifier","","","EN 16931-1 Table 2",""
"156","","BT-127","2","A","0..1","Invoice line note","unstructured information that is relevant to the Invoice line. An identifier for an object on which","","","Text","/BG-ROOT/BG-25/BT-127","/Invoice/cac:InvoiceLine/cbc:Note","$.invoice.invoiceLine.invoiceLineNote","Invoice line","InvoiceLineNote","","","EN 16931-1 Table 2",""
"157","","BT-128","2","A","0..1","Invoice line object identifier","Identifier for an object on which the invoice line is based.","","","Identifier","/BG-ROOT/BG-25/BT-128","/Invoice/cac:InvoiceLine/cac:DocumentReference/cbc:ID","$.invoice.invoiceLine.invoiceLineObjectIdentifier","Invoice line","InvoiceLineObjectIdentifier","","","EN 16931-1 Table 2",""
"158","","BT-129","2","A","0..1","Invoiced quantity","services) that is charged in the Invoice line. The unit of measure that applies to the invoiced quantity.","","","Quantity","/BG-ROOT/BG-25/BT-129","/Invoice/cac:InvoiceLine/cbc:InvoicedQuantity","$.invoice.invoiceLine.invoicedQuantity","Invoice line","InvoicedQuantity","","","EN 16931-1 Table 2",""
"159","","BT-130","2","A","0..1","Invoiced quantity unit code","Unit of measure for invoiced quantity.","","","Code","/BG-ROOT/BG-25/BT-130","/Invoice/cac:InvoiceLine/cbc:InvoicedQuantity/@unitCode","$.invoice.invoiceLine.invoicedQuantityUnitCode","Invoice line","InvoicedQuantityUnitCode","","","EN 16931-1 Table 2",""
"160","","BT-131","2","A","1..1","Invoice line net amount","Line net amount.","","","Amount","/BG-ROOT/BG-25/BT-131","/Invoice/cac:InvoiceLine/cbc:LineExtensionAmount","$.invoice.invoiceLine.invoiceLineNetAmount","Invoice line","InvoiceLineNetAmount","","","EN 16931-1 Table 2",""
"161","","BT-132","2","A","0..1","Referenced purchase order line reference","within a purchase order, issued by the Buyer. A textual value that specifies where","","","Identifier","/BG-ROOT/BG-25/BT-132","/Invoice/cac:InvoiceLine/cac:OrderLineReference/cbc:LineID","$.invoice.invoiceLine.referencedPurchaseOrderLineReference","Invoice line","ReferencedPurchaseOrderLineReference","","","EN 16931-1 Table 2",""
"162","","BT-133","2","A","0..1","Invoice line buyer accounting reference","to book the relevant data into the Buyer's financial accounts. A group of business terms providing","","","Text","/BG-ROOT/BG-25/BT-133","/Invoice/cac:InvoiceLine/cbc:AccountingCost","$.invoice.invoiceLine.invoiceLineBuyerAccountingReference","Invoice line","InvoiceLineBuyerAccountingReference","","","EN 16931-1 Table 2",""
"163","","BG-26","2","C","0..1","Invoice line period","information about the period relevant for the Invoice line. The date when the Invoice period","","","","/BG-ROOT/BG-25/BG-26","/Invoice/cac:InvoiceLine/cac:InvoicePeriod","$.invoice.invoiceLine.invoiceLinePeriod","Invoice line period","InvoiceLinePeriod","","","EN 16931-1 Table 2",""
"164","","BT-134","3","A","0..1","Invoice line period start date","for this Invoice line starts.","","","Date","/BG-ROOT/BG-25/BG-26/BT-134","/Invoice/cac:InvoiceLine/cac:InvoicePeriod/cbc:StartDate","$.invoice.invoiceLine.invoiceLinePeriod.invoiceLinePeriodStartDate","Invoice line period","InvoiceLinePeriodStartDate","","","EN 16931-1 Table 2",""
"165","","BT-135","3","A","0..1","Invoice line period end date","The date when the Invoice period for this Invoice line ends. A group of business terms providing","","","Date","/BG-ROOT/BG-25/BG-26/BT-135","/Invoice/cac:InvoiceLine/cac:InvoicePeriod/cbc:EndDate","$.invoice.invoiceLine.invoiceLinePeriod.invoiceLinePeriodEndDate","Invoice line period","InvoiceLinePeriodEndDate","","","EN 16931-1 Table 2",""
"166","","BG-27","2","C","0..*","Invoice line allowances","information about allowances applicable to the individual Invoice line.","","","","/BG-ROOT/BG-25/BG-27","/Invoice/cac:InvoiceLine/cac:AllowanceCharge[cbc:ChargeIndicator=false()]","$.invoice.invoiceLine.invoiceLineAllowances","Invoice line allowance","InvoiceLineAllowances","","","EN 16931-1 Table 2",""
"167","","BT-136","3","A","1..1","Invoice line allowance amount","The amount of an allowance, without VAT. The base amount that may be used,","","","Amount","/BG-ROOT/BG-25/BG-27/BT-136","/Invoice/cac:InvoiceLine/cac:AllowanceCharge[cbc:ChargeIndicator=false()]/cbc:Amount","$.invoice.invoiceLine.invoiceLineAllowances.invoiceLineAllowanceAmount","Invoice line allowance","InvoiceLineAllowanceAmount","","","EN 16931-1 Table 2",""
"168","","BT-137","3","A","0..1","Invoice line allowance base amount","in conjunction with the Invoice line allowance percentage, to calculate the Invoice line allowance amount. The percentage that may be used, in","","","Amount","/BG-ROOT/BG-25/BG-27/BT-137","/Invoice/cac:InvoiceLine/cac:AllowanceCharge[cbc:ChargeIndicator=false()]/cbc:BaseAmount","$.invoice.invoiceLine.invoiceLineAllowances.invoiceLineAllowanceBaseAmount","Invoice line allowance","InvoiceLineAllowanceBaseAmount","","","EN 16931-1 Table 2",""
"169","","BT-138","3","A","0..1","Invoice line allowance percentage","conjunction with the Invoice line allowance base amount, to calculate the Invoice line allowance amount.","","","Percentage","/BG-ROOT/BG-25/BG-27/BT-138","/Invoice/cac:InvoiceLine/cac:AllowanceCharge[cbc:ChargeIndicator=false()]/cbc:MultiplierFactorNumeric","$.invoice.invoiceLine.invoiceLineAllowances.invoiceLineAllowancePercentage","Invoice line allowance","InvoiceLineAllowancePercentage","","","EN 16931-1 Table 2",""
"170","","BT-139","3","A","0..1","Invoice line allowance reason","Reason for line allowance.","","","Text","/BG-ROOT/BG-25/BG-27/BT-139","/Invoice/cac:InvoiceLine/cac:AllowanceCharge[cbc:ChargeIndicator=false()]/cbc:AllowanceChargeReason","$.invoice.invoiceLine.invoiceLineAllowances.invoiceLineAllowanceReason","Invoice line allowance","InvoiceLineAllowanceReason","","","EN 16931-1 Table 2",""
"171","","BT-140","3","A","0..1","Invoice line allowance reason code","The reason for the Invoice line allowance, expressed as a code. A group of business terms providing","","","Code","/BG-ROOT/BG-25/BG-27/BT-140","/Invoice/cac:InvoiceLine/cac:AllowanceCharge[cbc:ChargeIndicator=false()]/cbc:AllowanceChargeReasonCode","$.invoice.invoiceLine.invoiceLineAllowances.invoiceLineAllowanceReasonCode","Invoice line allowance","InvoiceLineAllowanceReasonCode","","","EN 16931-1 Table 2",""
"172","","BG-28","2","C","0..*","Invoice line charges","information about charges and taxes other than VAT applicable to the individual Invoice line.","","","","/BG-ROOT/BG-25/BG-28","/Invoice/cac:InvoiceLine/cac:AllowanceCharge[cbc:ChargeIndicator=true()]","$.invoice.invoiceLine.invoiceLineCharges","Invoice line charge","InvoiceLineCharges","","","EN 16931-1 Table 2",""
"173","","BT-141","3","A","1..1","Invoice line charge amount","The amount of a charge, without VAT. The base amount that may be used,","","","Amount","/BG-ROOT/BG-25/BG-28/BT-141","/Invoice/cac:InvoiceLine/cac:AllowanceCharge[cbc:ChargeIndicator=true()]/cbc:Amount","$.invoice.invoiceLine.invoiceLineCharges.invoiceLineChargeAmount","Invoice line charge","InvoiceLineChargeAmount","","","EN 16931-1 Table 2",""
"174","","BT-142","3","A","0..1","Invoice line charge base amount","in conjunction with the Invoice line charge percentage, to calculate the Invoice line charge amount. The percentage that may be used, in","","","Amount","/BG-ROOT/BG-25/BG-28/BT-142","/Invoice/cac:InvoiceLine/cac:AllowanceCharge[cbc:ChargeIndicator=true()]/cbc:BaseAmount","$.invoice.invoiceLine.invoiceLineCharges.invoiceLineChargeBaseAmount","Invoice line charge","InvoiceLineChargeBaseAmount","","","EN 16931-1 Table 2",""
"175","","BT-143","3","A","0..1","Invoice line charge percentage","conjunction with the Invoice line charge base amount, to calculate the Invoice line charge amount.","","","Percentage","/BG-ROOT/BG-25/BG-28/BT-143","/Invoice/cac:InvoiceLine/cac:AllowanceCharge[cbc:ChargeIndicator=true()]/cbc:MultiplierFactorNumeric","$.invoice.invoiceLine.invoiceLineCharges.invoiceLineChargePercentage","Invoice line charge","InvoiceLineChargePercentage","","","EN 16931-1 Table 2",""
"176","","BT-144","3","A","0..1","Invoice line charge reason","The reason for the Invoice line charge, expressed as text.","","","Text","/BG-ROOT/BG-25/BG-28/BT-144","/Invoice/cac:InvoiceLine/cac:AllowanceCharge[cbc:ChargeIndicator=true()]/cbc:AllowanceChargeReason","$.invoice.invoiceLine.invoiceLineCharges.invoiceLineChargeReason","Invoice line charge","InvoiceLineChargeReason","","","EN 16931-1 Table 2",""
"177","","BT-145","3","A","0..1","Invoice line charge reason code","The reason for the Invoice line","","","Code","/BG-ROOT/BG-25/BG-28/BT-145","/Invoice/cac:InvoiceLine/cac:AllowanceCharge[cbc:ChargeIndicator=true()]/cbc:AllowanceChargeReasonCode","$.invoice.invoiceLine.invoiceLineCharges.invoiceLineChargeReasonCode","Invoice line charge","InvoiceLineChargeReasonCode","","","EN 16931-1 Table 2",""
"178","","BG-29","2","C","1..1","Price details","information about the price applied for the goods and services invoiced on the Invoice line. The price of an item, exclusive of","","","","/BG-ROOT/BG-25/BG-29","/Invoice/cac:InvoiceLine/cac:Price","$.invoice.invoiceLine.priceDetails","Price detail","PriceDetails","","","EN 16931-1 Table 2",""
"179","","BT-146","3","A","1..1","Item net price","VAT, after subtracting item price discount. The total discount subtracted from","","","Amount","/BG-ROOT/BG-25/BG-29/BT-146","/Invoice/cac:InvoiceLine/cac:Price/cbc:PriceAmount","$.invoice.invoiceLine.priceDetails.itemNetPrice","Price detail","ItemNetPrice","","","EN 16931-1 Table 2",""
"180","","BT-147","3","A","0..1","Item price discount","the Item gross price to calculate the Item net price. The unit price, exclusive of VAT,","","","Amount","/BG-ROOT/BG-25/BG-29/BT-147","/Invoice/cac:InvoiceLine/cac:Price/cac:AllowanceCharge/cbc:Amount","$.invoice.invoiceLine.priceDetails.itemPriceDiscount","Price detail","ItemPriceDiscount","","","EN 16931-1 Table 2",""
"181","","BT-148","3","A","0..1","Item gross price","before subtracting Item price discount.","","","Amount","/BG-ROOT/BG-25/BG-29/BT-148","/Invoice/cac:InvoiceLine/cac:Price/cac:AllowanceCharge/cbc:BaseAmount","$.invoice.invoiceLine.priceDetails.itemGrossPrice","Price detail","ItemGrossPrice","","","EN 16931-1 Table 2",""
"182","","BT-149","3","A","0..1","Item price base quantity","The number of item units to which the price applies. The unit of measure that applies to","","","Quantity","/BG-ROOT/BG-25/BG-29/BT-149","/Invoice/cac:InvoiceLine/cac:Price/cbc:BaseQuantity","$.invoice.invoiceLine.priceDetails.itemPriceBaseQuantity","Price detail","ItemPriceBaseQuantity","","","EN 16931-1 Table 2",""
"183","","BT-150","3","A","0..1","Item price base quantity unit code","the Item price base quantity. A group of business terms providing","","","Code","/BG-ROOT/BG-25/BG-29/BT-150","/Invoice/cac:InvoiceLine/cac:Price/cbc:BaseQuantity/@unitCode","$.invoice.invoiceLine.priceDetails.itemPriceBaseQuantityUnitCode","Price detail","ItemPriceBaseQuantityUnitCode","","","EN 16931-1 Table 2",""
"184","","BG-30","2","C","1..1","Line VAT information","information about the VAT","","","","/BG-ROOT/BG-25/BG-30","/Invoice/cac:InvoiceLine/cac:Item/cac:ClassifiedTaxCategory","$.invoice.invoiceLine.lineVatInformation","Line VAT information","LineVatInformation","","","EN 16931-1 Table 2",""
"185","","BT-151","3","A","1..1","Invoiced item VAT category code","The VAT rate, represented as","","","Code","/BG-ROOT/BG-25/BG-30/BT-151","/Invoice/cac:InvoiceLine/cac:Item/cac:ClassifiedTaxCategory/cbc:ID","$.invoice.invoiceLine.lineVatInformation.invoicedItemVatCategoryCode","Line VAT information","InvoicedItemVatCategoryCode","","","EN 16931-1 Table 2",""
"186","","BT-152","3","A","0..1","Invoiced item VAT rate","percentage that applies to the invoiced item. A group of business terms providing information about the goods and","","","Decimal","/BG-ROOT/BG-25/BG-30/BT-152","/Invoice/cac:InvoiceLine/cac:Item/cac:ClassifiedTaxCategory/cbc:Percent","$.invoice.invoiceLine.lineVatInformation.invoicedItemVatRate","Line VAT information","InvoicedItemVatRate","","","EN 16931-1 Table 2",""
"187","","BG-31","2","C","1..1","Item information","A group of business terms providing information about the goods and services invoiced.","","","","/BG-ROOT/BG-25/BG-31","/Invoice/cac:InvoiceLine/cac:Item","$.invoice.invoiceLine.itemInformation","Item information","ItemInformation","","","EN 16931-1 Table 2",""
"188","","BT-153","3","A","1..1","Item name","A name for an item.","","","Text","/BG-ROOT/BG-25/BG-31/BT-153","/Invoice/cac:InvoiceLine/cac:Item/cbc:Name","$.invoice.invoiceLine.itemInformation.itemName","Item information","ItemName","","","EN 16931-1 Table 2",""
"189","","BT-154","3","A","0..1","Item description","A description for an item.","","","Text","/BG-ROOT/BG-25/BG-31/BT-154","/Invoice/cac:InvoiceLine/cac:Item/cbc:Description","$.invoice.invoiceLine.itemInformation.itemDescription","Item information","ItemDescription","","","EN 16931-1 Table 2",""
"190","","BT-155","3","A","0..1","Item seller identifier","An identifier, assigned by the Seller, for the item.","","","Identifier","/BG-ROOT/BG-25/BG-31/BT-155","/Invoice/cac:InvoiceLine/cac:Item/cac:SellersItemIdentification/cbc:ID","$.invoice.invoiceLine.itemInformation.itemSellerIdentifier","Item information","ItemSellerIdentifier","","","EN 16931-1 Table 2",""
"191","","BT-156","3","A","0..1","Item buyer identifier","An identifier, assigned by the Buyer, for the item.","","","Identifier","/BG-ROOT/BG-25/BG-31/BT-156","/Invoice/cac:InvoiceLine/cac:Item/cac:BuyersItemIdentification/cbc:ID","$.invoice.invoiceLine.itemInformation.itemBuyerIdentifier","Item information","ItemBuyerIdentifier","","","EN 16931-1 Table 2",""
"192","","BT-157","3","A","0..1","Item standard identifier","An item identifier based on a registered scheme.","","","Identifier","/BG-ROOT/BG-25/BG-31/BT-157","/Invoice/cac:InvoiceLine/cac:Item/cac:StandardItemIdentification/cbc:ID","$.invoice.invoiceLine.itemInformation.itemStandardIdentifier","Item information","ItemStandardIdentifier","","","EN 16931-1 Table 2",""
"193","","BT-158","3","A","0..*","Item classification identifier","A code for classifying the item by its type or nature.","","","Identifier","/BG-ROOT/BG-25/BG-31/BT-158","/Invoice/cac:InvoiceLine/cac:Item/cac:CommodityClassification/cbc:ItemClassificationCode","$.invoice.invoiceLine.itemInformation.itemClassificationIdentifier","Item information","ItemClassificationIdentifier","","","EN 16931-1 Table 2",""
"194","","BT-159","3","A","0..1","Item country of origin","The code identifying the country from which the item originates.","","","Code","/BG-ROOT/BG-25/BG-31/BT-159","/Invoice/cac:InvoiceLine/cac:Item/cac:OriginCountry/cbc:IdentificationCode","$.invoice.invoiceLine.itemInformation.itemCountryOfOrigin","Item information","ItemCountryOfOrigin","","","EN 16931-1 Table 2",""
"195","","BG-32","3","C","0..*","Item attributes","A group of business terms providing information about properties of the goods and services invoiced.","","","","/BG-ROOT/BG-25/BG-31/BG-32","/Invoice/cac:InvoiceLine/cac:Item/cac:AdditionalItemProperty","$.invoice.invoiceLine.itemInformation.itemAttributes","Item attribute","ItemAttributes","","","EN 16931-1 Table 2",""
"196","","BT-160","4","A","1..1","Item attribute name","The name of the attribute or property of the item.","","","Text","/BG-ROOT/BG-25/BG-31/BG-32/BT-160","/Invoice/cac:InvoiceLine/cac:Item/cac:AdditionalItemProperty/cbc:Name","$.invoice.invoiceLine.itemInformation.itemAttributes.itemAttributeName","Item attribute","ItemAttributeName","","","EN 16931-1 Table 2",""
"197","","BT-161","4","A","1..1","Item attribute value","The value of the attribute or property of the item.","","","Text","/BG-ROOT/BG-25/BG-31/BG-32/BT-161","/Invoice/cac:InvoiceLine/cac:Item/cac:AdditionalItemProperty/cbc:Value","$.invoice.invoiceLine.itemInformation.itemAttributes.itemAttributeValue","Item attribute","ItemAttributeValue","","","EN 16931-1 Table 2",""
