sequence,syntax_sequence,level,lhm_level,type,identifier,name,datatype,multiplicity,domain_name,definition,module,class_term,id,path,semantic_path,label_local,definition_local,element,xpath
1,,0,0,C,,Invoice,,1..1,,EN 16931 invoice semantic root.,en16931,Invoice,BG-ROOT,/BG-ROOT,$.invoice,,,Invoice,/Invoice
2,,1,1,A,,Invoice number,Identifier,1..1,,An invoice shall have an invoice number.,en16931,Invoice,BT-1,/BG-ROOT/BT-1,$.invoice.invoiceNumber,,,InvoiceNumber,/Invoice/cbc:ID
3,,1,1,A,,Invoice issue date,Date,1..1,,The date when the invoice was issued.,en16931,Invoice,BT-2,/BG-ROOT/BT-2,$.invoice.invoiceIssueDate,,,InvoiceIssueDate,/Invoice/cbc:IssueDate
4,,1,1,A,,Invoice type code,Code,1..1,,Code specifying the functional type of invoice.,en16931,Invoice,BT-3,/BG-ROOT/BT-3,$.invoice.invoiceTypeCode,,,InvoiceTypeCode,/Invoice/cbc:InvoiceTypeCode
5,,1,1,A,,Document currency code,Code,1..1,,"The currency in which all Invoice amounts are given, except for the Total VAT amount in accounting currency.",en16931,Invoice,BT-5,/BG-ROOT/BT-5,$.invoice.documentCurrencyCode,,,DocumentCurrencyCode,/Invoice/cbc:DocumentCurrencyCode
6,,1,1,A,,Tax accounting currency code,Code,0..1,,The currency used for VAT accounting and reporting purposes as accepted or required in the country of the Seller.,en16931,Invoice,BT-6,/BG-ROOT/BT-6,$.invoice.taxAccountingCurrencyCode,,,TaxAccountingCurrencyCode,/Invoice/cbc:TaxCurrencyCode
7,,1,1,A,,Value added tax point date,Date,0..1,,"The date when the VAT becomes accountable for the Seller and for the Buyer in so far as that date can be determined and differs from the date of issue of the invoice, according to the VAT directive.",en16931,Invoice,BT-7,/BG-ROOT/BT-7,$.invoice.valueAddedTaxPointDate,,,ValueAddedTaxPointDate,/Invoice/cbc:TaxPointDate
8,,1,1,A,,Value added tax point date code,Code,0..1,,The code of the date when the VAT becomes accountable for the Seller and for the Buyer.,en16931,Invoice,BT-8,/BG-ROOT/BT-8,$.invoice.valueAddedTaxPointDateCode,,,ValueAddedTaxPointDateCode,/Invoice/cac:InvoicePeriod/cbc:DescriptionCode
9,,1,1,A,,Payment due date,Date,0..1,,The date when the payment is due.,en16931,Invoice,BT-9,/BG-ROOT/BT-9,$.invoice.paymentDueDate,,,PaymentDueDate,/Invoice/cbc:DueDate
10,,1,1,A,,Buyer reference,Text,0..1,,An identifier assigned by the Buyer used for internal routing purposes.,en16931,Invoice,BT-10,/BG-ROOT/BT-10,$.invoice.buyerReference,,,BuyerReference,/Invoice/cbc:BuyerReference
11,,1,1,A,,Project reference,Identifier,0..1,,The identification of the project the invoice refers to,en16931,Invoice,BT-11,/BG-ROOT/BT-11,$.invoice.projectReference,,,ProjectReference,/Invoice/cac:ProjectReference/cbc:ID
12,,1,1,A,,Contract reference,Identifier,0..1,,The identification of a contract.,en16931,Invoice,BT-12,/BG-ROOT/BT-12,$.invoice.contractReference,,,ContractReference,/Invoice/cac:ContractDocumentReference/cbc:ID
13,,1,1,A,,Purchase order reference,Identifier,0..1,,"An identifier of a referenced purchase order, issued by the Buyer.",en16931,Invoice,BT-13,/BG-ROOT/BT-13,$.invoice.purchaseOrderReference,,,PurchaseOrderReference,/Invoice/cac:OrderReference/cbc:ID
14,,1,1,A,,Sales order reference,Identifier,0..1,,"An identifier of a referenced sales order, issued by the Seller.",en16931,Invoice,BT-14,/BG-ROOT/BT-14,$.invoice.salesOrderReference,,,SalesOrderReference,/Invoice/cac:OrderReference/cbc:SalesOrderID
15,,1,1,A,,Receiving advice reference,Identifier,0..1,,An identifier of a referenced receiving advice.,en16931,Invoice,BT-15,/BG-ROOT/BT-15,$.invoice.receivingAdviceReference,,,ReceivingAdviceReference,/Invoice/cac:ReceiptDocumentReference/cbc:ID
16,,1,1,A,,Despatch advice reference,Identifier,0..1,,An identifier of a referenced despatch advice. The identification of the call for,en16931,Invoice,BT-16,/BG-ROOT/BT-16,$.invoice.despatchAdviceReference,,,DespatchAdviceReference,/Invoice/cac:DespatchDocumentReference/cbc:ID
17,,1,1,A,,Tender or lot reference,Identifier,0..1,,"tender or lot the invoice relates to. An identifier for an object on which the invoice is based, given by the Seller. The identification scheme identifier of the Invoiced object identifier. A textual value that specifies where",en16931,Invoice,BT-17,/BG-ROOT/BT-17,$.invoice.tenderOrLotReference,,,TenderOrLotReference,/Invoice/cac:OriginatorDocumentReference/cbc:ID
18,,1,1,A,,Invoiced object identifier,Identifier,0..1,,"An identifier for an object on which the invoice is based, given by the Seller.",en16931,Invoice,BT-18,/BG-ROOT/BT-18,$.invoice.invoicedObjectIdentifier,,,InvoicedObjectIdentifier,/Invoice/cac:AdditionalDocumentReference[cbc:DocumentTypeCode='130']/cbc:ID
19,,1,1,A,,Buyer accounting reference,Text,0..1,,A textual value that specifies where to book the relevant data into the Buyer's financial accounts.,en16931,Invoice,BT-19,/BG-ROOT/BT-19,$.invoice.buyerAccountingReference,,,BuyerAccountingReference,/Invoice/cbc:AccountingCost
20,,1,1,A,,Payment terms,Text,0..1,,A textual description of the payment terms that apply to the amount due for payment (Including description of possible penalties). A group of business terms providing,en16931,Invoice,BT-20,/BG-ROOT/BT-20,$.invoice.paymentTerms,,,PaymentTerms,/Invoice/cac:PaymentTerms/cbc:Note
21,,1,1,C,,Invoice note,,0..*,,"textual notes that are relevant for the invoice, together with an indication of the note subject.",en16931,Invoice note,BG-1,/BG-ROOT/BG-1,$.invoice.invoiceNote,,,InvoiceInvoiceNote,/Invoice/cbc:Note
22,,2,2,A,,Invoice note subject code,Code,0..1,,The subject of the textual note in BT-22. A textual note that gives,en16931,Invoice note,BT-21,/BG-ROOT/BG-1/BT-21,$.invoice.invoiceNote.invoiceNoteSubjectCode,,,InvoiceNoteSubjectCode,/Invoice/cbc:Note/@subjectCode
23,,2,2,A,,Invoice note,Text,1..1,,unstructured information that is relevant to the Invoice as a whole. A group of business terms providing,en16931,Invoice note,BT-22,/BG-ROOT/BG-1/BT-22,$.invoice.invoiceNote.invoiceNote,,,InvoiceNoteInvoiceNote,/Invoice/cbc:Note
24,,1,,C,,Process control,,1..1,,information on the business process and rules applicable to the Invoice document. Identifies the business process,en16931,Process control,BG-2,/BG-ROOT/BG-2,$.invoice.processControl,,,ProcessControl,/Invoice
25,,2,1,A,,Business process type,Identifier,0..1,,"context in which the transaction appears, to enable the Buyer to process the Invoice in an appropriate way. An identification of the specification containing the total set of rules",en16931,Process control,BT-23,/BG-ROOT/BG-2/BT-23,$.invoice.processControl.businessProcessType,,,BusinessProcessType,/Invoice/cbc:ProfileID
26,,2,1,A,,Specification identifier,Identifier,1..1,,"regarding semantic content, cardinalities and business rules to",en16931,Process control,BT-24,/BG-ROOT/BG-2/BT-24,$.invoice.processControl.specificationIdentifier,,,SpecificationIdentifier,/Invoice/cbc:CustomizationID
27,,1,1,C,,Preceding invoice reference,,0..*,,A group of business terms providing information on one or more preceding Invoices.,en16931,Preceding invoice reference,BG-3,/BG-ROOT/BG-3,$.invoice.precedingInvoiceReference,,,InvoicePrecedingInvoiceReference,/Invoice/cac:BillingReference/cac:InvoiceDocumentReference
28,,2,2,A,,Preceding invoice reference,Identifier,1..1,,The identification of an Invoice that was previously sent by the Seller. The date when the Preceding,en16931,Preceding invoice reference,BT-25,/BG-ROOT/BG-3/BT-25,$.invoice.precedingInvoiceReference.precedingInvoiceReference,,,PrecedingInvoiceReferencePrecedingInvoiceReference,/Invoice/cac:BillingReference/cac:InvoiceDocumentReference/cbc:ID
29,,2,2,A,,Preceding invoice issue date,Date,0..1,,Invoice was issued.,en16931,Preceding invoice reference,BT-26,/BG-ROOT/BG-3/BT-26,$.invoice.precedingInvoiceReference.precedingInvoiceIssueDate,,,PrecedingInvoiceIssueDate,/Invoice/cac:BillingReference/cac:InvoiceDocumentReference/cbc:IssueDate
30,,1,,C,,Seller,,1..1,,A group of business terms providing information about the Seller. The full formal name by which the,en16931,Seller,BG-4,/BG-ROOT/BG-4,$.invoice.seller,,,Seller,/Invoice/cac:AccountingSupplierParty/cac:Party
31,,2,1,A,,Seller name,Text,1..1,,Seller is registered in the national registry of legal entities or as a Taxable person or otherwise trades as a person or persons. A name by which the Seller is,en16931,Seller,BT-27,/BG-ROOT/BG-4/BT-27,$.invoice.seller.sellerName,,,SellerName,/Invoice/cac:AccountingSupplierParty/cac:Party/cac:PartyLegalEntity/cbc:RegistrationName
32,,2,1,A,,Seller trading name,Text,0..1,,Name under which the seller trades.,en16931,Seller,BT-28,/BG-ROOT/BG-4/BT-28,$.invoice.seller.sellerTradingName,,,SellerTradingName,/Invoice/cac:AccountingSupplierParty/cac:Party/cac:PartyName/cbc:Name
33,,2,1,A,,Seller identifier,Identifier,0..*,,The identification scheme identifier of the Seller identifier. An identifier issued by an official,en16931,Seller,BT-29,/BG-ROOT/BG-4/BT-29,$.invoice.seller.sellerIdentifier,sellerIdentifier,,SellerIdentifier,/Invoice/cac:AccountingSupplierParty/cac:Party/cac:PartyIdentification/cbc:ID
34,,2,1,A,,Seller legal registration identifier,Identifier,0..1,,registrar that identifies the Seller as a legal entity or person. The identification scheme identifier of the Seller legal registration identifier. The Seller's VAT identifier (also known as Seller VAT identification,en16931,Seller,BT-30,/BG-ROOT/BG-4/BT-30,$.invoice.seller.sellerLegalRegistrationIdentifier,,,SellerLegalRegistrationIdentifier,/Invoice/cac:AccountingSupplierParty/cac:Party/cac:PartyLegalEntity/cbc:CompanyID
35,,2,1,A,,Seller VAT identifier,Identifier,0..1,,number). The local identification (defined by the Seller’s address) of the Seller for tax purposes or a reference that enables the Seller to state his,en16931,Seller,BT-31,/BG-ROOT/BG-4/BT-31,$.invoice.seller.sellerVatIdentifier,,,SellerVatIdentifier,/Invoice/cac:AccountingSupplierParty/cac:Party/cac:PartyTaxScheme/cbc:CompanyID
36,,2,1,A,,Seller tax registration identifier,Identifier,0..1,,registered tax status.,en16931,Seller,BT-32,/BG-ROOT/BG-4/BT-32,$.invoice.seller.sellerTaxRegistrationIdentifier,,,SellerTaxRegistrationIdentifier,/Invoice/cac:AccountingSupplierParty/cac:Party/cac:PartyTaxScheme[cac:TaxScheme/cbc:ID!='VAT']/cbc:CompanyID
37,,2,1,A,,Seller additional legal information,Text,0..1,,Additional legal information relevant for the Seller.,en16931,Seller,BT-33,/BG-ROOT/BG-4/BT-33,$.invoice.seller.sellerAdditionalLegalInformation,,,SellerAdditionalLegalInformation,/Invoice/cac:AccountingSupplierParty/cac:Party/cac:PartyLegalEntity/cbc:CompanyLegalForm
38,,2,1,A,,Seller electronic address,Identifier,0..1,,address to which the application level response to the invoice may be delivered. The identification scheme identifier of the Seller electronic address. A group of business terms providing,en16931,Seller,BT-34,/BG-ROOT/BG-4/BT-34,$.invoice.seller.sellerElectronicAddress,,,SellerElectronicAddress,/Invoice/cac:AccountingSupplierParty/cac:Party/cbc:EndpointID
39,,2,,C,,Seller postal address,,1..1,,information about the address of the Seller.,en16931,Seller postal address,BG-5,/BG-ROOT/BG-4/BG-5,$.invoice.seller.sellerPostalAddress,,,SellerPostalAddress,/Invoice/cac:AccountingSupplierParty/cac:Party/cac:PostalAddress
40,,3,1,A,,Seller address line 1,Text,0..1,,The main address line in an address. An additional address line in an,en16931,Seller postal address,BT-35,/BG-ROOT/BG-4/BG-5/BT-35,$.invoice.seller.sellerPostalAddress.sellerAddressLine1,,,SellerAddressLine1,/Invoice/cac:AccountingSupplierParty/cac:Party/cac:PostalAddress/cac:AddressLine/cbc:Line
41,,3,1,A,,Seller address line 2,Text,0..1,,address that can be used to give further details supplementing the main line. An additional address line in an,en16931,Seller postal address,BT-36,/BG-ROOT/BG-4/BG-5/BT-36,$.invoice.seller.sellerPostalAddress.sellerAddressLine2,,,SellerAddressLine2,/Invoice/cac:AccountingSupplierParty/cac:Party/cac:PostalAddress/cbc:AdditionalStreetName
42,,3,1,A,,Seller address line 3,Text,0..1,,"address that can be used to give further details supplementing the main line. The common name of the city, town",en16931,Seller postal address,BT-162,/BG-ROOT/BG-4/BG-5/BT-162,$.invoice.seller.sellerPostalAddress.sellerAddressLine3,,,SellerAddressLine3,/Invoice/cac:AccountingSupplierParty/cac:Party/cac:PostalAddress/cac:AddressLine/cbc:Line
43,,3,1,A,,Seller city,Text,1..1,,"or village, where the Seller address is located. The identifier for an addressable",en16931,Seller postal address,BT-37,/BG-ROOT/BG-4/BG-5/BT-37,$.invoice.seller.sellerPostalAddress.sellerCity,,,SellerCity,/Invoice/cac:AccountingSupplierParty/cac:Party/cac:PostalAddress/cbc:CityName
44,,3,1,A,,Seller post code,Text,1..1,,group of properties according to the relevant postal service.,en16931,Seller postal address,BT-38,/BG-ROOT/BG-4/BG-5/BT-38,$.invoice.seller.sellerPostalAddress.sellerPostCode,,,SellerPostCode,/Invoice/cac:AccountingSupplierParty/cac:Party/cac:PostalAddress/cbc:PostalZone
45,,3,1,A,,Seller country subdivision,Text,0..1,,The subdivision of a country.,en16931,Seller postal address,BT-39,/BG-ROOT/BG-4/BG-5/BT-39,$.invoice.seller.sellerPostalAddress.sellerCountrySubdivision,,,SellerCountrySubdivision,/Invoice/cac:AccountingSupplierParty/cac:Party/cac:PostalAddress/cbc:CountrySubentity
46,,3,1,A,,Seller country code,Code,1..1,,A group of business terms providing contact information about the Seller.,en16931,Seller postal address,BT-40,/BG-ROOT/BG-4/BG-5/BT-40,$.invoice.seller.sellerPostalAddress.sellerCountryCode,,,SellerCountryCode,/Invoice/cac:AccountingSupplierParty/cac:Party/cac:PostalAddress/cac:Country/cbc:IdentificationCode
47,,2,,C,,Seller contact,,0..1,,A group of business terms providing contact information about the Seller.,en16931,Seller contact,BG-6,/BG-ROOT/BG-4/BG-6,$.invoice.seller.sellerContact,,,SellerContact,/Invoice/cac:AccountingSupplierParty/cac:Party/cac:Contact
48,,3,1,A,,Seller contact point,Text,0..1,,A contact point for a legal entity or person.,en16931,Seller contact,BT-41,/BG-ROOT/BG-4/BG-6/BT-41,$.invoice.seller.sellerContact.sellerContactPoint,,,SellerContactPoint,/Invoice/cac:AccountingSupplierParty/cac:Party/cac:Contact/cbc:Name
49,,3,1,A,,Seller contact telephone number,Text,0..1,,A phone number for the contact point.,en16931,Seller contact,BT-42,/BG-ROOT/BG-4/BG-6/BT-42,$.invoice.seller.sellerContact.sellerContactTelephoneNumber,,,SellerContactTelephoneNumber,/Invoice/cac:AccountingSupplierParty/cac:Party/cac:Contact/cbc:Telephone
50,,3,1,A,,Seller contact email address,Text,0..1,,A group of business terms providing information about the Buyer.,en16931,Seller contact,BT-43,/BG-ROOT/BG-4/BG-6/BT-43,$.invoice.seller.sellerContact.sellerContactEmailAddress,,,SellerContactEmailAddress,/Invoice/cac:AccountingSupplierParty/cac:Party/cac:Contact/cbc:ElectronicMail
51,,1,,C,,Buyer,,1..1,,Buyer party information.,en16931,Buyer,BG-7,/BG-ROOT/BG-7,$.invoice.buyer,,,Buyer,/Invoice/cac:AccountingCustomerParty/cac:Party
52,,2,1,A,,Buyer name,Text,1..1,,The full name of the Buyer. A name by which the Buyer is,en16931,Buyer,BT-44,/BG-ROOT/BG-7/BT-44,$.invoice.buyer.buyerName,,,BuyerName,/Invoice/cac:AccountingCustomerParty/cac:Party/cac:PartyLegalEntity/cbc:RegistrationName
53,,2,1,A,,Buyer trading name,Text,0..1,,"known, other than Buyer name (also known as Business name). An identifier of the Buyer.",en16931,Buyer,BT-45,/BG-ROOT/BG-7/BT-45,$.invoice.buyer.buyerTradingName,,,BuyerTradingName,/Invoice/cac:AccountingCustomerParty/cac:Party/cac:PartyName/cbc:Name
54,,2,1,A,,Buyer identifier,Identifier,0..*,,The identification scheme identifier,en16931,Buyer,BT-46,/BG-ROOT/BG-7/BT-46,$.invoice.buyer.buyerIdentifier,buyerIdentifier,,BuyerIdentifier,/Invoice/cac:AccountingCustomerParty/cac:Party/cac:PartyIdentification/cbc:ID
55,,2,1,A,,Buyer legal registration identifier,Identifier,0..1,,An identifier issued by an official registrar that identifies the Buyer as a legal entity or person. The identification scheme identifier of the Buyer legal registration identifier.,en16931,Buyer,BT-47,/BG-ROOT/BG-7/BT-47,$.invoice.buyer.buyerLegalRegistrationIdentifier,,,BuyerLegalRegistrationIdentifier,/Invoice/cac:AccountingCustomerParty/cac:Party/cac:PartyLegalEntity/cbc:CompanyID
56,,2,1,A,,Buyer VAT identifier,Identifier,0..1,,The Buyer's VAT identifier (also known as Buyer VAT identification number). Identifies the Buyer's electronic,en16931,Buyer,BT-48,/BG-ROOT/BG-7/BT-48,$.invoice.buyer.buyerVatIdentifier,,,BuyerVatIdentifier,/Invoice/cac:AccountingCustomerParty/cac:Party/cac:PartyTaxScheme/cbc:CompanyID
57,,2,1,A,,Buyer electronic address,Identifier,0..1,,address to which the invoice is delivered. The identification scheme identifier of the Buyer electronic address. A group of business terms providing,en16931,Buyer,BT-49,/BG-ROOT/BG-7/BT-49,$.invoice.buyer.buyerElectronicAddress,,,BuyerElectronicAddress,/Invoice/cac:AccountingCustomerParty/cac:Party/cbc:EndpointID
58,,2,,C,,Buyer postal address,,1..1,,information about the postal address for the Buyer.,en16931,Buyer postal address,BG-8,/BG-ROOT/BG-7/BG-8,$.invoice.buyer.buyerPostalAddress,,,BuyerPostalAddress,/Invoice/cac:AccountingCustomerParty/cac:Party/cac:PostalAddress
59,,3,1,A,,Buyer address line 1,Text,0..1,,The main address line in an address. An additional address line in an,en16931,Buyer postal address,BT-50,/BG-ROOT/BG-7/BG-8/BT-50,$.invoice.buyer.buyerPostalAddress.buyerAddressLine1,,,BuyerAddressLine1,/Invoice/cac:AccountingCustomerParty/cac:Party/cac:PostalAddress/cac:AddressLine/cbc:Line
60,,3,1,A,,Buyer address line 2,Text,0..1,,address that can be used to give,en16931,Buyer postal address,BT-51,/BG-ROOT/BG-7/BG-8/BT-51,$.invoice.buyer.buyerPostalAddress.buyerAddressLine2,,,BuyerAddressLine2,/Invoice/cac:AccountingCustomerParty/cac:Party/cac:PostalAddress/cbc:AdditionalStreetName
61,,3,1,A,,Buyer address line 3,Text,0..1,,"address that can be used to give further details supplementing the main line. The common name of the city, town",en16931,Buyer postal address,BT-163,/BG-ROOT/BG-7/BG-8/BT-163,$.invoice.buyer.buyerPostalAddress.buyerAddressLine3,,,BuyerAddressLine3,/Invoice/cac:AccountingCustomerParty/cac:Party/cac:PostalAddress/cac:AddressLine/cbc:Line
62,,3,1,A,,Buyer city,Text,1..1,,"or village, where the Buyer's address is located. The identifier for an addressable",en16931,Buyer postal address,BT-52,/BG-ROOT/BG-7/BG-8/BT-52,$.invoice.buyer.buyerPostalAddress.buyerCity,,,BuyerCity,/Invoice/cac:AccountingCustomerParty/cac:Party/cac:PostalAddress/cbc:CityName
63,,3,1,A,,Buyer post code,Text,1..1,,group of properties according to the relevant postal service.,en16931,Buyer postal address,BT-53,/BG-ROOT/BG-7/BG-8/BT-53,$.invoice.buyer.buyerPostalAddress.buyerPostCode,,,BuyerPostCode,/Invoice/cac:AccountingCustomerParty/cac:Party/cac:PostalAddress/cbc:PostalZone
64,,3,1,A,,Buyer country subdivision,Text,0..1,,The subdivision of a country.,en16931,Buyer postal address,BT-54,/BG-ROOT/BG-7/BG-8/BT-54,$.invoice.buyer.buyerPostalAddress.buyerCountrySubdivision,,,BuyerCountrySubdivision,/Invoice/cac:AccountingCustomerParty/cac:Party/cac:PostalAddress/cbc:CountrySubentity
65,,3,1,A,,Buyer country code,Code,1..1,,A code that identifies the country.,en16931,Buyer postal address,BT-55,/BG-ROOT/BG-7/BG-8/BT-55,$.invoice.buyer.buyerPostalAddress.buyerCountryCode,,,BuyerCountryCode,/Invoice/cac:AccountingCustomerParty/cac:Party/cac:PostalAddress/cac:Country/cbc:IdentificationCode
66,,2,,C,,Buyer contact,,0..1,,A group of business terms providing contact information relevant for the Buyer. A contact point for a legal entity or,en16931,Buyer contact,BG-9,/BG-ROOT/BG-7/BG-9,$.invoice.buyer.buyerContact,,,BuyerContact,/Invoice/cac:AccountingCustomerParty/cac:Party/cac:Contact
67,,3,1,A,,Buyer contact point,Text,0..1,,person. A phone number for the contact,en16931,Buyer contact,BT-56,/BG-ROOT/BG-7/BG-9/BT-56,$.invoice.buyer.buyerContact.buyerContactPoint,,,BuyerContactPoint,/Invoice/cac:AccountingCustomerParty/cac:Party/cac:Contact/cbc:Name
68,,3,1,A,,Buyer contact telephone number,Text,0..1,,point.,en16931,Buyer contact,BT-57,/BG-ROOT/BG-7/BG-9/BT-57,$.invoice.buyer.buyerContact.buyerContactTelephoneNumber,,,BuyerContactTelephoneNumber,/Invoice/cac:AccountingCustomerParty/cac:Party/cac:Contact/cbc:Telephone
69,,3,1,A,,Buyer contact email address,Text,0..1,,An e-mail address for the contact point.,en16931,Buyer contact,BT-58,/BG-ROOT/BG-7/BG-9/BT-58,$.invoice.buyer.buyerContact.buyerContactEmailAddress,,,BuyerContactEmailAddress,/Invoice/cac:AccountingCustomerParty/cac:Party/cac:Contact/cbc:ElectronicMail
70,,1,,C,,Payee,,0..1,,"information about the Payee, i.e. the role that receives the payment.",en16931,Payee,BG-10,/BG-ROOT/BG-10,$.invoice.payee,,,Payee,/Invoice/cac:PayeeParty
71,,2,1,A,,Payee name,Text,1..1,,The name of the Payee. An identifier for the Payee.,en16931,Payee,BT-59,/BG-ROOT/BG-10/BT-59,$.invoice.payee.payeeName,,,PayeeName,/Invoice/cac:PayeeParty/cac:PartyName/cbc:Name
72,,2,1,A,,Payee identifier,Identifier,0..1,,The identification scheme identifier of the Payee identifier. An identifier issued by an official registrar that identifies the Payee as,en16931,Payee,BT-60,/BG-ROOT/BG-10/BT-60,$.invoice.payee.payeeIdentifier,,,PayeeIdentifier,/Invoice/cac:PayeeParty/cac:PartyIdentification/cbc:ID
73,,2,1,A,,Payee legal registration identifier,Identifier,0..1,,a legal entity or person. The identification scheme identifier of the Payee legal registration identifier. A group of business terms providing,en16931,Payee,BT-61,/BG-ROOT/BG-10/BT-61,$.invoice.payee.payeeLegalRegistrationIdentifier,,,PayeeLegalRegistrationIdentifier,/Invoice/cac:PayeeParty/cac:PartyLegalEntity/cbc:CompanyID
74,,1,,C,,Seller tax representative party,,0..1,,information about the Seller's tax representative. The full name of the Seller's tax,en16931,Seller tax representative party,BG-11,/BG-ROOT/BG-11,$.invoice.sellerTaxRepresentativeParty,,,SellerTaxRepresentativeParty,/Invoice/cac:TaxRepresentativeParty
75,,2,1,A,,Seller tax representative name,Text,1..1,,The full name of the Seller's tax representative party.,en16931,Seller tax representative party,BT-62,/BG-ROOT/BG-11/BT-62,$.invoice.sellerTaxRepresentativeParty.sellerTaxRepresentativeName,,,SellerTaxRepresentativeName,/Invoice/cac:TaxRepresentativeParty/cac:PartyName/cbc:Name
76,,2,1,A,,Seller tax representative VAT identifier,Identifier,1..1,,The VAT identifier of the Seller's tax representative party. A group of business terms providing,en16931,Seller tax representative party,BT-63,/BG-ROOT/BG-11/BT-63,$.invoice.sellerTaxRepresentativeParty.sellerTaxRepresentativeVatIdentifier,,,SellerTaxRepresentativeVatIdentifier,/Invoice/cac:TaxRepresentativeParty/cac:PartyTaxScheme/cbc:CompanyID
77,,2,,C,,Seller tax representative postal address,,1..1,,information about the postal address for the tax representative party.,en16931,Seller tax representative postal address,BG-12,/BG-ROOT/BG-11/BG-12,$.invoice.sellerTaxRepresentativeParty.sellerTaxRepresentativePostalAddress,,,SellerTaxRepresentativePostalAddress,/Invoice/cac:TaxRepresentativeParty/cac:PostalAddress
78,,3,1,A,,Tax representative address line 1,Text,0..1,,The main address line in an address. An additional address line in an,en16931,Seller tax representative postal address,BT-64,/BG-ROOT/BG-11/BG-12/BT-64,$.invoice.sellerTaxRepresentativeParty.sellerTaxRepresentativePostalAddress.taxRepresentativeAddressLine1,,,TaxRepresentativeAddressLine1,/Invoice/cac:TaxRepresentativeParty/cac:PostalAddress/cbc:StreetName
79,,3,1,A,,Tax representative address line 2,Text,0..1,,address that can be used to give further details supplementing the main line. An additional address line in an,en16931,Seller tax representative postal address,BT-65,/BG-ROOT/BG-11/BG-12/BT-65,$.invoice.sellerTaxRepresentativeParty.sellerTaxRepresentativePostalAddress.taxRepresentativeAddressLine2,,,TaxRepresentativeAddressLine2,/Invoice/cac:TaxRepresentativeParty/cac:PostalAddress/cbc:AdditionalStreetName
80,,3,1,A,,Tax representative address line 3,Text,0..1,,"address that can be used to give further details supplementing the main line. The common name of the city, town",en16931,Seller tax representative postal address,BT-164,/BG-ROOT/BG-11/BG-12/BT-164,$.invoice.sellerTaxRepresentativeParty.sellerTaxRepresentativePostalAddress.taxRepresentativeAddressLine3,,,TaxRepresentativeAddressLine3,/Invoice/cac:TaxRepresentativeParty/cac:PostalAddress/cac:AddressLine/cbc:Line
81,,3,1,A,,Tax representative city,Text,0..1,,"or village, where the tax representative address is located. The identifier for an addressable",en16931,Seller tax representative postal address,BT-66,/BG-ROOT/BG-11/BG-12/BT-66,$.invoice.sellerTaxRepresentativeParty.sellerTaxRepresentativePostalAddress.taxRepresentativeCity,,,TaxRepresentativeCity,/Invoice/cac:TaxRepresentativeParty/cac:PostalAddress/cbc:CityName
82,,3,1,A,,Tax representative post code,Text,0..1,,group of properties according to the relevant postal service.,en16931,Seller tax representative postal address,BT-67,/BG-ROOT/BG-11/BG-12/BT-67,$.invoice.sellerTaxRepresentativeParty.sellerTaxRepresentativePostalAddress.taxRepresentativePostCode,,,TaxRepresentativePostCode,/Invoice/cac:TaxRepresentativeParty/cac:PostalAddress/cbc:PostalZone
83,,3,1,A,,Tax representative country subdivision,Text,0..1,,The subdivision of a country.,en16931,Seller tax representative postal address,BT-68,/BG-ROOT/BG-11/BG-12/BT-68,$.invoice.sellerTaxRepresentativeParty.sellerTaxRepresentativePostalAddress.taxRepresentativeCountrySubdivision,,,TaxRepresentativeCountrySubdivision,/Invoice/cac:TaxRepresentativeParty/cac:PostalAddress/cbc:CountrySubentity
84,,3,1,A,,Tax representative country code,Code,1..1,,A code that identifies the country. A group of business terms providing,en16931,Seller tax representative postal address,BT-69,/BG-ROOT/BG-11/BG-12/BT-69,$.invoice.sellerTaxRepresentativeParty.sellerTaxRepresentativePostalAddress.taxRepresentativeCountryCode,,,TaxRepresentativeCountryCode,/Invoice/cac:TaxRepresentativeParty/cac:PostalAddress/cac:Country/cbc:IdentificationCode
85,,1,,C,,Delivery information,,0..1,,information about where and when the goods and services invoiced are delivered.,en16931,Delivery information,BG-13,/BG-ROOT/BG-13,$.invoice.deliveryInformation,,,DeliveryInformation,/Invoice/cac:Delivery
86,,2,1,A,,Deliver to party name,Text,0..1,,The name of the party to which the goods and services are delivered.,en16931,Delivery information,BT-70,/BG-ROOT/BG-13/BT-70,$.invoice.deliveryInformation.deliverToPartyName,,,DeliverToPartyName,/Invoice/cac:Delivery/cac:DeliveryParty/cac:PartyName/cbc:Name
87,,2,1,A,,Deliver to location identifier,Identifier,0..1,,An identifier for the location at which the goods and services are delivered. The identification scheme identifier of the Deliver to location identifier. the date on which the supply of,en16931,Delivery information,BT-71,/BG-ROOT/BG-13/BT-71,$.invoice.deliveryInformation.deliverToLocationIdentifier,,,DeliverToLocationIdentifier,/Invoice/cac:Delivery/cac:DeliveryLocation/cbc:ID
88,,2,1,A,,Actual delivery date,Date,0..1,,goods or services was made or completed. A group of business terms providing,en16931,Delivery information,BT-72,/BG-ROOT/BG-13/BT-72,$.invoice.deliveryInformation.actualDeliveryDate,,,ActualDeliveryDate,/Invoice/cac:Delivery/cbc:ActualDeliveryDate
89,,1,,C,,Invoicing period,,0..1,,information on the invoice period. The date when the Invoice period,en16931,Invoicing period,BG-14,/BG-ROOT/BG-14,$.invoice.invoicingPeriod,,,InvoicingPeriod,/Invoice/cac:InvoicePeriod
90,,2,1,A,,Invoicing period start date,Date,0..1,,starts.,en16931,Invoicing period,BT-73,/BG-ROOT/BG-14/BT-73,$.invoice.invoicingPeriod.invoicingPeriodStartDate,,,InvoicingPeriodStartDate,/Invoice/cac:InvoicePeriod/cbc:StartDate
91,,2,1,A,,Invoicing period end date,Date,0..1,,The date when the Invoice period ends.,en16931,Invoicing period,BT-74,/BG-ROOT/BG-14/BT-74,$.invoice.invoicingPeriod.invoicingPeriodEndDate,,,InvoicingPeriodEndDate,/Invoice/cac:InvoicePeriod/cbc:EndDate
92,,2,,C,,Deliver to address,,0..1,,information about the address to which goods and services invoiced were or are delivered.,en16931,Deliver to address,BG-15,/BG-ROOT/BG-13/BG-15,$.invoice.deliveryInformation.deliverToAddress,,,DeliverToAddress,/Invoice/cac:Delivery/cac:DeliveryLocation/cac:Address
93,,3,1,A,,Deliver to address line 1,Text,0..1,,The main address line in an address. An additional address line in an,en16931,Deliver to address,BT-75,/BG-ROOT/BG-13/BG-15/BT-75,$.invoice.deliveryInformation.deliverToAddress.deliverToAddressLine1,,,DeliverToAddressLine1,/Invoice/cac:Delivery/cac:DeliveryLocation/cac:Address/cbc:StreetName
94,,3,1,A,,Deliver to address line 2,Text,0..1,,address that can be used to give further details supplementing the main line. An additional address line in an,en16931,Deliver to address,BT-76,/BG-ROOT/BG-13/BG-15/BT-76,$.invoice.deliveryInformation.deliverToAddress.deliverToAddressLine2,,,DeliverToAddressLine2,/Invoice/cac:Delivery/cac:DeliveryLocation/cac:Address/cbc:AdditionalStreetName
95,,3,1,A,,Deliver to address line 3,Text,0..1,,"address that can be used to give further details supplementing the main line. The common name of the city, town",en16931,Deliver to address,BT-165,/BG-ROOT/BG-13/BG-15/BT-165,$.invoice.deliveryInformation.deliverToAddress.deliverToAddressLine3,,,DeliverToAddressLine3,/Invoice/cac:Delivery/cac:DeliveryLocation/cac:Address/cac:AddressLine/cbc:Line
96,,3,1,A,,Deliver to city,Text,0..1,,"or village, where the deliver to address is located. The identifier for an addressable",en16931,Deliver to address,BT-77,/BG-ROOT/BG-13/BG-15/BT-77,$.invoice.deliveryInformation.deliverToAddress.deliverToCity,,,DeliverToCity,/Invoice/cac:Delivery/cac:DeliveryLocation/cac:Address/cbc:CityName
97,,3,1,A,,Deliver to post code,Text,0..1,,group of properties according to the relevant postal service.,en16931,Deliver to address,BT-78,/BG-ROOT/BG-13/BG-15/BT-78,$.invoice.deliveryInformation.deliverToAddress.deliverToPostCode,,,DeliverToPostCode,/Invoice/cac:Delivery/cac:DeliveryLocation/cac:Address/cbc:PostalZone
98,,3,1,A,,Deliver to country subdivision,Text,0..1,,The subdivision of a country.,en16931,Deliver to address,BT-79,/BG-ROOT/BG-13/BG-15/BT-79,$.invoice.deliveryInformation.deliverToAddress.deliverToCountrySubdivision,,,DeliverToCountrySubdivision,/Invoice/cac:Delivery/cac:DeliveryLocation/cac:Address/cbc:CountrySubentity
99,,3,1,A,,Deliver to country code,Code,1..1,,A code that identifies the country.,en16931,Deliver to address,BT-80,/BG-ROOT/BG-13/BG-15/BT-80,$.invoice.deliveryInformation.deliverToAddress.deliverToCountryCode,,,DeliverToCountryCode,/Invoice/cac:Delivery/cac:DeliveryLocation/cac:Address/cac:Country/cbc:IdentificationCode
100,,1,1,C,,Payment instructions,,0..*,,Information about payment means.,en16931,Payment instruction,BG-16,/BG-ROOT/BG-16,$.invoice.paymentInstructions,paymentInstructions,,PaymentInstructions,/Invoice/cac:PaymentMeans
101,,2,2,A,,Payment means type code,Code,1..1,,"has been settled. The means, expressed as text, for",en16931,Payment instruction,BT-81,/BG-ROOT/BG-16/BT-81,$.invoice.paymentInstructions.paymentMeansTypeCode,,,PaymentMeansTypeCode,/Invoice/cac:PaymentMeans/cbc:PaymentMeansCode
102,,2,2,A,,Payment means text,Text,0..1,,how a payment is expected to be or has been settled. A textual value used to establish a,en16931,Payment instruction,BT-82,/BG-ROOT/BG-16/BT-82,$.invoice.paymentInstructions.paymentMeansText,,,PaymentMeansText,/Invoice/cac:PaymentMeans/cbc:PaymentMeansCode/@name
103,,2,2,A,,Payment remittance information,Text,0..1,,Remittance information for matching payment.,en16931,Payment instruction,BT-83,/BG-ROOT/BG-16/BT-83,$.invoice.paymentInstructions.paymentRemittanceInformation,,,PaymentRemittanceInformation,/Invoice/cac:PaymentMeans/cbc:PaymentID
104,,2,2,C,,Credit transfer,,0..*,,Payment terms textual information.,en16931,Credit transfer,BG-17,/BG-ROOT/BG-16/BG-17,$.invoice.paymentInstructions.creditTransfer,,,CreditTransfer,/Invoice/cac:PaymentMeans/cac:PayeeFinancialAccount
105,,3,3,A,,Payment account identifier,Identifier,0..1,,"payment account, at a payment service provider, to which payment should be made. The name of the payment account,",en16931,Credit transfer,BT-84,/BG-ROOT/BG-16/BG-17/BT-84,$.invoice.paymentInstructions.creditTransfer.paymentAccountIdentifier,,,PaymentAccountIdentifier,/Invoice/cac:PaymentMeans/cac:PayeeFinancialAccount/cbc:ID
106,,3,3,A,,Payment account name,Text,0..1,,"at a payment service provider, to which payment should be made. An identifier for the payment",en16931,Credit transfer,BT-85,/BG-ROOT/BG-16/BG-17/BT-85,$.invoice.paymentInstructions.creditTransfer.paymentAccountName,,,PaymentAccountName,/Invoice/cac:PaymentMeans/cac:PayeeFinancialAccount/cbc:Name
107,,3,3,A,,Payment service provider identifier,Identifier,0..1,,service provider where a payment account is located. A group of business terms providing,en16931,Credit transfer,BT-86,/BG-ROOT/BG-16/BG-17/BT-86,$.invoice.paymentInstructions.creditTransfer.paymentServiceProviderIdentifier,,,PaymentServiceProviderIdentifier,/Invoice/cac:PaymentMeans/cac:PayeeFinancialAccount/cac:FinancialInstitutionBranch/cbc:ID
108,,2,,C,,Payment card information,,0..1,,information about card used for payment contemporaneous with invoice issuance.,en16931,Payment card information,BG-18,/BG-ROOT/BG-16/BG-18,$.invoice.paymentInstructions.paymentCardInformation,,,PaymentCardInformation,/Invoice/cac:PaymentMeans/cac:CardAccount
109,,3,2,A,,Payment card primary account number,Identifier,1..1,,The Primary Account Number (PAN) of the card used for payment.,en16931,Payment card information,BT-87,/BG-ROOT/BG-16/BG-18/BT-87,$.invoice.paymentInstructions.paymentCardInformation.paymentCardPrimaryAccountNumber,,,PaymentCardPrimaryAccountNumber,/Invoice/cac:PaymentMeans/cac:CardAccount/cbc:PrimaryAccountNumberID
110,,3,2,A,,Payment card holder name,Text,0..1,,The name of the payment card holder.,en16931,Payment card information,BT-88,/BG-ROOT/BG-16/BG-18/BT-88,$.invoice.paymentInstructions.paymentCardInformation.paymentCardHolderName,,,PaymentCardHolderName,/Invoice/cac:PaymentMeans/cac:CardAccount/cbc:HolderName
111,,2,,C,,Direct debit,,0..1,,A group of business terms to specify a direct debit. Unique identifier assigned by the,en16931,Direct debit,BG-19,/BG-ROOT/BG-16/BG-19,$.invoice.paymentInstructions.directDebit,,,DirectDebit,/Invoice/cac:PaymentMeans
112,,3,2,A,,Mandate reference identifier,Identifier,0..1,,Payee for referencing the direct debit mandate. Unique banking reference identifier,en16931,Direct debit,BT-89,/BG-ROOT/BG-16/BG-19/BT-89,$.invoice.paymentInstructions.directDebit.mandateReferenceIdentifier,,,MandateReferenceIdentifier,/Invoice/cac:PaymentMeans/cac:PaymentMandate/cbc:ID
113,,3,2,A,,Bank assigned creditor identifier,Identifier,0..1,,of the Payee or Seller assigned by the Payee or Seller bank.,en16931,Direct debit,BT-90,/BG-ROOT/BG-16/BG-19/BT-90,$.invoice.paymentInstructions.directDebit.bankAssignedCreditorIdentifier,,,BankAssignedCreditorIdentifier,/Invoice/cac:AccountingSupplierParty/cac:Party/cac:PartyIdentification/cbc:ID
114,,3,2,A,,Debited account identifier,Identifier,0..1,,The account to be debited by the direct debit. A group of business terms providing,en16931,Direct debit,BT-91,/BG-ROOT/BG-16/BG-19/BT-91,$.invoice.paymentInstructions.directDebit.debitedAccountIdentifier,,,DebitedAccountIdentifier,/Invoice/cac:PaymentMeans/cac:PaymentMandate/cac:PayerFinancialAccount/cbc:ID
115,,1,1,C,,Document level allowances,,0..*,,information about allowances applicable to the Invoice as a whole.,en16931,Document level allowance,BG-20,/BG-ROOT/BG-20,$.invoice.documentLevelAllowances,documentLevelAllowances,,DocumentLevelAllowances,/Invoice/cac:AllowanceCharge[cbc:ChargeIndicator=false()]
116,,2,2,A,,Document level allowance amount,Amount,1..1,,"The amount of an allowance, without VAT. The base amount that may be used,",en16931,Document level allowance,BT-92,/BG-ROOT/BG-20/BT-92,$.invoice.documentLevelAllowances.documentLevelAllowanceAmount,,,DocumentLevelAllowanceAmount,/Invoice/cac:AllowanceCharge[cbc:ChargeIndicator=false()]/cbc:Amount
117,,2,2,A,,Document level allowance base amount,Amount,0..1,,"in conjunction with the document level allowance percentage, to calculate the document level allowance amount. The percentage that may be used, in",en16931,Document level allowance,BT-93,/BG-ROOT/BG-20/BT-93,$.invoice.documentLevelAllowances.documentLevelAllowanceBaseAmount,,,DocumentLevelAllowanceBaseAmount,/Invoice/cac:AllowanceCharge[cbc:ChargeIndicator=false()]/cbc:BaseAmount
118,,2,2,A,,Document level allowance percentage,Percentage,0..1,,"conjunction with the document level allowance base amount, to calculate",en16931,Document level allowance,BT-94,/BG-ROOT/BG-20/BT-94,$.invoice.documentLevelAllowances.documentLevelAllowancePercentage,,,DocumentLevelAllowancePercentage,/Invoice/cac:AllowanceCharge[cbc:ChargeIndicator=false()]/cbc:MultiplierFactorNumeric
119,,2,2,A,,Document level allowance VAT category code,Code,1..1,,"The VAT rate, represented as percentage that applies to the",en16931,Document level allowance,BT-95,/BG-ROOT/BG-20/BT-95,$.invoice.documentLevelAllowances.documentLevelAllowanceVatCategoryCode,,,DocumentLevelAllowanceVatCategoryCode,/Invoice/cac:AllowanceCharge[cbc:ChargeIndicator=false()]/cac:TaxCategory/cbc:ID
120,,2,2,A,,Document level allowance VAT rate,Percentage,0..1,,document level allowance.,en16931,Document level allowance,BT-96,/BG-ROOT/BG-20/BT-96,$.invoice.documentLevelAllowances.documentLevelAllowanceVatRate,,,DocumentLevelAllowanceVatRate,/Invoice/cac:AllowanceCharge[cbc:ChargeIndicator=false()]/cac:TaxCategory/cbc:Percent
121,,2,2,A,,Document level allowance reason,Text,0..1,,Reason for a document level allowance.,en16931,Document level allowance,BT-97,/BG-ROOT/BG-20/BT-97,$.invoice.documentLevelAllowances.documentLevelAllowanceReason,,,DocumentLevelAllowanceReason,/Invoice/cac:AllowanceCharge[cbc:ChargeIndicator=false()]/cbc:AllowanceChargeReason
122,,2,2,A,,Document level allowance reason code,Code,0..1,,"The reason for the document level allowance, expressed as a code. A group of business terms providing",en16931,Document level allowance,BT-98,/BG-ROOT/BG-20/BT-98,$.invoice.documentLevelAllowances.documentLevelAllowanceReasonCode,,,DocumentLevelAllowanceReasonCode,/Invoice/cac:AllowanceCharge[cbc:ChargeIndicator=false()]/cbc:AllowanceChargeReasonCode
123,,1,1,C,,Document level charges,,0..*,,"information about charges and taxes other than VAT, applicable to the Invoice as a whole. The amount of a charge, without",en16931,Document level charge,BG-21,/BG-ROOT/BG-21,$.invoice.documentLevelCharges,documentLevelCharges,,DocumentLevelCharges,/Invoice/cac:AllowanceCharge[cbc:ChargeIndicator=true()]
124,,2,2,A,,Document level charge amount,Amount,1..1,,"VAT. The base amount that may be used,",en16931,Document level charge,BT-99,/BG-ROOT/BG-21/BT-99,$.invoice.documentLevelCharges.documentLevelChargeAmount,,,DocumentLevelChargeAmount,/Invoice/cac:AllowanceCharge[cbc:ChargeIndicator=true()]/cbc:Amount
125,,2,2,A,,Document level charge base amount,Amount,0..1,,"in conjunction with the document level charge percentage, to calculate the document level charge amount. The percentage that may be used, in",en16931,Document level charge,BT-100,/BG-ROOT/BG-21/BT-100,$.invoice.documentLevelCharges.documentLevelChargeBaseAmount,,,DocumentLevelChargeBaseAmount,/Invoice/cac:AllowanceCharge[cbc:ChargeIndicator=true()]/cbc:BaseAmount
126,,2,2,A,,Document level charge percentage,Percentage,0..1,,conjunction with the document level,en16931,Document level charge,BT-101,/BG-ROOT/BG-21/BT-101,$.invoice.documentLevelCharges.documentLevelChargePercentage,,,DocumentLevelChargePercentage,/Invoice/cac:AllowanceCharge[cbc:ChargeIndicator=true()]/cbc:MultiplierFactorNumeric
127,,2,2,A,,Document level charge VAT category code,Code,1..1,,"The VAT rate, represented as",en16931,Document level charge,BT-102,/BG-ROOT/BG-21/BT-102,$.invoice.documentLevelCharges.documentLevelChargeVatCategoryCode,,,DocumentLevelChargeVatCategoryCode,/Invoice/cac:AllowanceCharge[cbc:ChargeIndicator=true()]/cac:TaxCategory/cbc:ID
128,,2,2,A,,Document level charge VAT rate,Percentage,0..1,,percentage that applies to the document level charge.,en16931,Document level charge,BT-103,/BG-ROOT/BG-21/BT-103,$.invoice.documentLevelCharges.documentLevelChargeVatRate,,,DocumentLevelChargeVatRate,/Invoice/cac:AllowanceCharge[cbc:ChargeIndicator=true()]/cac:TaxCategory/cbc:Percent
129,,2,2,A,,Document level charge reason,Text,0..1,,Reason for a document level charge.,en16931,Document level charge,BT-104,/BG-ROOT/BG-21/BT-104,$.invoice.documentLevelCharges.documentLevelChargeReason,,,DocumentLevelChargeReason,/Invoice/cac:AllowanceCharge[cbc:ChargeIndicator=true()]/cbc:AllowanceChargeReason
130,,2,2,A,,Document level charge reason code,Code,0..1,,"charge, expressed as a code. A group of business terms providing the monetary totals for the Invoice.",en16931,Document level charge,BT-105,/BG-ROOT/BG-21/BT-105,$.invoice.documentLevelCharges.documentLevelChargeReasonCode,,,DocumentLevelChargeReasonCode,/Invoice/cac:AllowanceCharge[cbc:ChargeIndicator=true()]/cbc:AllowanceChargeReasonCode
131,,1,,C,,Document totals,,1..1,,Invoice monetary totals.,en16931,Document total,BG-22,/BG-ROOT/BG-22,$.invoice.documentTotals,,,DocumentTotals,/Invoice/cac:LegalMonetaryTotal
132,,2,1,A,,Sum of invoice line net amount,Amount,1..1,,Sum of all Invoice line net amounts in the Invoice. Sum of all allowances on document,en16931,Document total,BT-106,/BG-ROOT/BG-22/BT-106,$.invoice.documentTotals.sumOfInvoiceLineNetAmount,,,SumOfInvoiceLineNetAmount,/Invoice/cac:LegalMonetaryTotal/cbc:LineExtensionAmount
133,,2,1,A,,Sum of allowances on document level,Amount,0..1,,level in the Invoice. Sum of all charges on document,en16931,Document total,BT-107,/BG-ROOT/BG-22/BT-107,$.invoice.documentTotals.sumOfAllowancesOnDocumentLevel,,,SumOfAllowancesOnDocumentLevel,/Invoice/cac:LegalMonetaryTotal/cbc:AllowanceTotalAmount
134,,2,1,A,,Sum of charges on document level,Amount,0..1,,level in the Invoice. The total amount of the Invoice,en16931,Document total,BT-108,/BG-ROOT/BG-22/BT-108,$.invoice.documentTotals.sumOfChargesOnDocumentLevel,,,SumOfChargesOnDocumentLevel,/Invoice/cac:LegalMonetaryTotal/cbc:ChargeTotalAmount
135,,2,1,A,,Invoice total amount without VAT,Amount,1..1,,without VAT.,en16931,Document total,BT-109,/BG-ROOT/BG-22/BT-109,$.invoice.documentTotals.invoiceTotalAmountWithoutVat,,,InvoiceTotalAmountWithoutVat,/Invoice/cac:LegalMonetaryTotal/cbc:TaxExclusiveAmount
136,,2,1,A,,Invoice total VAT amount,Amount,1..1,,The total VAT amount for the Invoice. The VAT total amount expressed in the accounting currency accepted or required in the country of the Seller.,en16931,Document total,BT-110,/BG-ROOT/BG-22/BT-110,$.invoice.documentTotals.invoiceTotalVatAmount,,,InvoiceTotalVatAmount,/Invoice/cac:TaxTotal[cbc:TaxAmount/@currencyID=/Invoice/cbc:DocumentCurrencyCode]/cbc:TaxAmount
137,,2,1,A,,Invoice total VAT amount in accounting currency,Amount,0..1,,The total amount of the Invoice with,en16931,Document total,BT-111,/BG-ROOT/BG-22/BT-111,$.invoice.documentTotals.invoiceTotalVatAmountInAccountingCurrency,,,InvoiceTotalVatAmountInAccountingCurrency,/Invoice/cac:TaxTotal[cbc:TaxAmount/@currencyID=/Invoice/cbc:TaxCurrencyCode]/cbc:TaxAmount
138,,2,1,A,,Invoice total amount with VAT,Amount,1..1,,Invoice total amount including VAT.,en16931,Document total,BT-112,/BG-ROOT/BG-22/BT-112,$.invoice.documentTotals.invoiceTotalAmountWithVat,,,InvoiceTotalAmountWithVat,/Invoice/cac:LegalMonetaryTotal/cbc:TaxInclusiveAmount
139,,2,1,A,,Paid amount,Amount,0..1,,been paid in advance. The amount to be added to the,en16931,Document total,BT-113,/BG-ROOT/BG-22/BT-113,$.invoice.documentTotals.paidAmount,,,PaidAmount,/Invoice/cac:LegalMonetaryTotal/cbc:PrepaidAmount
140,,2,1,A,,Rounding amount,Amount,0..1,,invoice total to round the amount to be paid.,en16931,Document total,BT-114,/BG-ROOT/BG-22/BT-114,$.invoice.documentTotals.roundingAmount,,,RoundingAmount,/Invoice/cac:LegalMonetaryTotal/cbc:PayableRoundingAmount
141,,2,1,A,,Amount due for payment,Amount,1..1,,The outstanding amount that is requested to be paid. A group of business terms providing,en16931,Document total,BT-115,/BG-ROOT/BG-22/BT-115,$.invoice.documentTotals.amountDueForPayment,,,AmountDueForPayment,/Invoice/cac:LegalMonetaryTotal/cbc:PayableAmount
142,,1,1,C,,VAT breakdown,,1..*,,"information about VAT breakdown by different categories, rates and exemption reasons Sum of all taxable amounts subject",en16931,VAT breakdown,BG-23,/BG-ROOT/BG-23,$.invoice.vatBreakdown,vatBreakdown,,VatBreakdown,/Invoice/cac:TaxTotal[cbc:TaxAmount/@currencyID=/Invoice/cbc:DocumentCurrencyCode]/cac:TaxSubtotal
143,,2,2,A,,VAT category taxable amount,Amount,1..1,,to a specific VAT category code and VAT category rate (if the VAT category rate is applicable). The total VAT amount for a given,en16931,VAT breakdown,BT-116,/BG-ROOT/BG-23/BT-116,$.invoice.vatBreakdown.vatCategoryTaxableAmount,,,VatCategoryTaxableAmount,/Invoice/cac:TaxTotal[cbc:TaxAmount/@currencyID=/Invoice/cbc:DocumentCurrencyCode]/cac:TaxSubtotal/cbc:TaxableAmount
144,,2,2,A,,VAT category tax amount,Amount,1..1,,VAT amount for VAT category.,en16931,VAT breakdown,BT-117,/BG-ROOT/BG-23/BT-117,$.invoice.vatBreakdown.vatCategoryTaxAmount,,,VatCategoryTaxAmount,/Invoice/cac:TaxTotal[cbc:TaxAmount/@currencyID=/Invoice/cbc:DocumentCurrencyCode]/cac:TaxSubtotal/cbc:TaxAmount
145,,2,2,A,,VAT category code,Code,1..1,,"The VAT rate, represented as",en16931,VAT breakdown,BT-118,/BG-ROOT/BG-23/BT-118,$.invoice.vatBreakdown.vatCategoryCode,,,VatCategoryCode,/Invoice/cac:TaxTotal[cbc:TaxAmount/@currencyID=/Invoice/cbc:DocumentCurrencyCode]/cac:TaxSubtotal/cac:TaxCategory/cbc:ID
146,,2,2,A,,VAT category rate,Decimal,0..1,,percentage that applies for the relevant VAT category. A textual statement of the reason,en16931,VAT breakdown,BT-119,/BG-ROOT/BG-23/BT-119,$.invoice.vatBreakdown.vatCategoryRate,,,VatCategoryRate,/Invoice/cac:TaxTotal[cbc:TaxAmount/@currencyID=/Invoice/cbc:DocumentCurrencyCode]/cac:TaxSubtotal/cac:TaxCategory/cbc:Percent
147,,2,2,A,,VAT exemption reason text,Text,0..1,,why the amount is exempted from VAT or why no VAT is being charged A coded statement of the reason for why the amount is exempted from,en16931,VAT breakdown,BT-120,/BG-ROOT/BG-23/BT-120,$.invoice.vatBreakdown.vatExemptionReasonText,,,VatExemptionReasonText,/Invoice/cac:TaxTotal[cbc:TaxAmount/@currencyID=/Invoice/cbc:DocumentCurrencyCode]/cac:TaxSubtotal/cac:TaxCategory/cbc:TaxExemptionReason
148,,2,2,A,,VAT exemption reason code,Code,0..1,,Code identifying the reason for VAT exemption.,en16931,VAT breakdown,BT-121,/BG-ROOT/BG-23/BT-121,$.invoice.vatBreakdown.vatExemptionReasonCode,,,VatExemptionReasonCode,/Invoice/cac:TaxTotal[cbc:TaxAmount/@currencyID=/Invoice/cbc:DocumentCurrencyCode]/cac:TaxSubtotal/cac:TaxCategory/cbc:TaxExemptionReasonCode
149,,1,1,C,,Additional supporting documents,,0..*,,An identifier of the supporting,en16931,Additional supporting document,BG-24,/BG-ROOT/BG-24,$.invoice.additionalSupportingDocuments,,,AdditionalSupportingDocuments,/Invoice/cac:AdditionalDocumentReference
150,,2,2,A,,Supporting document reference,Identifier,1..1,,document. A description of the supporting,en16931,Additional supporting document,BT-122,/BG-ROOT/BG-24/BT-122,$.invoice.additionalSupportingDocuments.supportingDocumentReference,,,SupportingDocumentReference,/Invoice/cac:AdditionalDocumentReference/cbc:ID
151,,2,2,A,,Supporting document description,Text,0..1,,document. The URL (Uniform Resource Locator) that identifies where the external document is located.,en16931,Additional supporting document,BT-123,/BG-ROOT/BG-24/BT-123,$.invoice.additionalSupportingDocuments.supportingDocumentDescription,,,SupportingDocumentDescription,/Invoice/cac:AdditionalDocumentReference/cbc:DocumentDescription
152,,2,2,A,,External document location,Identifier,0..1,,The URL (Uniform Resource Locator) that identifies where the external document is located.,en16931,Additional supporting document,BT-124,/BG-ROOT/BG-24/BT-124,$.invoice.additionalSupportingDocuments.externalDocumentLocation,,,ExternalDocumentLocation,/Invoice/cac:AdditionalDocumentReference/cac:Attachment/cac:ExternalReference/cbc:URI
153,,2,2,A,,Attached document,Binary object,0..1,,An attached document embedded as binary object or sent together with the invoice. The mime code of the attached document. The file name of the attached document A group of business terms providing,en16931,Additional supporting document,BT-125,/BG-ROOT/BG-24/BT-125,$.invoice.additionalSupportingDocuments.attachedDocument,,,AttachedDocument,/Invoice/cac:AdditionalDocumentReference/cac:Attachment/cbc:EmbeddedDocumentBinaryObject
154,,1,1,C,,Invoice line,,1..*,,information on individual Invoice lines.,en16931,Invoice line,BG-25,/BG-ROOT/BG-25,$.invoice.invoiceLine,invoiceLine,,InvoiceLine,/Invoice/cac:InvoiceLine
155,,2,2,A,,Invoice line identifier,Identifier,1..1,,A unique identifier for the individual line within the Invoice. A textual note that gives,en16931,Invoice line,BT-126,/BG-ROOT/BG-25/BT-126,$.invoice.invoiceLine.invoiceLineIdentifier,,,InvoiceLineIdentifier,/Invoice/cac:InvoiceLine/cbc:ID
156,,2,2,A,,Invoice line note,Text,0..1,,unstructured information that is relevant to the Invoice line. An identifier for an object on which,en16931,Invoice line,BT-127,/BG-ROOT/BG-25/BT-127,$.invoice.invoiceLine.invoiceLineNote,,,InvoiceLineNote,/Invoice/cac:InvoiceLine/cbc:Note
157,,2,2,A,,Invoice line object identifier,Identifier,0..1,,Identifier for an object on which the invoice line is based.,en16931,Invoice line,BT-128,/BG-ROOT/BG-25/BT-128,$.invoice.invoiceLine.invoiceLineObjectIdentifier,,,InvoiceLineObjectIdentifier,/Invoice/cac:InvoiceLine/cac:DocumentReference/cbc:ID
158,,2,2,A,,Invoiced quantity,Quantity,0..1,,services) that is charged in the Invoice line. The unit of measure that applies to the invoiced quantity.,en16931,Invoice line,BT-129,/BG-ROOT/BG-25/BT-129,$.invoice.invoiceLine.invoicedQuantity,,,InvoicedQuantity,/Invoice/cac:InvoiceLine/cbc:InvoicedQuantity
159,,2,2,A,,Invoiced quantity unit code,Code,0..1,,Unit of measure for invoiced quantity.,en16931,Invoice line,BT-130,/BG-ROOT/BG-25/BT-130,$.invoice.invoiceLine.invoicedQuantityUnitCode,,,InvoicedQuantityUnitCode,/Invoice/cac:InvoiceLine/cbc:InvoicedQuantity/@unitCode
160,,2,2,A,,Invoice line net amount,Amount,1..1,,Line net amount.,en16931,Invoice line,BT-131,/BG-ROOT/BG-25/BT-131,$.invoice.invoiceLine.invoiceLineNetAmount,,,InvoiceLineNetAmount,/Invoice/cac:InvoiceLine/cbc:LineExtensionAmount
161,,2,2,A,,Referenced purchase order line reference,Identifier,0..1,,"within a purchase order, issued by the Buyer. A textual value that specifies where",en16931,Invoice line,BT-132,/BG-ROOT/BG-25/BT-132,$.invoice.invoiceLine.referencedPurchaseOrderLineReference,,,ReferencedPurchaseOrderLineReference,/Invoice/cac:InvoiceLine/cac:OrderLineReference/cbc:LineID
162,,2,2,A,,Invoice line buyer accounting reference,Text,0..1,,to book the relevant data into the Buyer's financial accounts. A group of business terms providing,en16931,Invoice line,BT-133,/BG-ROOT/BG-25/BT-133,$.invoice.invoiceLine.invoiceLineBuyerAccountingReference,,,InvoiceLineBuyerAccountingReference,/Invoice/cac:InvoiceLine/cbc:AccountingCost
163,,2,,C,,Invoice line period,,0..1,,information about the period relevant for the Invoice line. The date when the Invoice period,en16931,Invoice line period,BG-26,/BG-ROOT/BG-25/BG-26,$.invoice.invoiceLine.invoiceLinePeriod,,,InvoiceLinePeriod,/Invoice/cac:InvoiceLine/cac:InvoicePeriod
164,,3,2,A,,Invoice line period start date,Date,0..1,,for this Invoice line starts.,en16931,Invoice line period,BT-134,/BG-ROOT/BG-25/BG-26/BT-134,$.invoice.invoiceLine.invoiceLinePeriod.invoiceLinePeriodStartDate,,,InvoiceLinePeriodStartDate,/Invoice/cac:InvoiceLine/cac:InvoicePeriod/cbc:StartDate
165,,3,2,A,,Invoice line period end date,Date,0..1,,The date when the Invoice period for this Invoice line ends. A group of business terms providing,en16931,Invoice line period,BT-135,/BG-ROOT/BG-25/BG-26/BT-135,$.invoice.invoiceLine.invoiceLinePeriod.invoiceLinePeriodEndDate,,,InvoiceLinePeriodEndDate,/Invoice/cac:InvoiceLine/cac:InvoicePeriod/cbc:EndDate
166,,2,2,C,,Invoice line allowances,,0..*,,information about allowances applicable to the individual Invoice line.,en16931,Invoice line allowance,BG-27,/BG-ROOT/BG-25/BG-27,$.invoice.invoiceLine.invoiceLineAllowances,,,InvoiceLineAllowances,/Invoice/cac:InvoiceLine/cac:AllowanceCharge[cbc:ChargeIndicator=false()]
167,,3,3,A,,Invoice line allowance amount,Amount,1..1,,"The amount of an allowance, without VAT. The base amount that may be used,",en16931,Invoice line allowance,BT-136,/BG-ROOT/BG-25/BG-27/BT-136,$.invoice.invoiceLine.invoiceLineAllowances.invoiceLineAllowanceAmount,,,InvoiceLineAllowanceAmount,/Invoice/cac:InvoiceLine/cac:AllowanceCharge[cbc:ChargeIndicator=false()]/cbc:Amount
168,,3,3,A,,Invoice line allowance base amount,Amount,0..1,,"in conjunction with the Invoice line allowance percentage, to calculate the Invoice line allowance amount. The percentage that may be used, in",en16931,Invoice line allowance,BT-137,/BG-ROOT/BG-25/BG-27/BT-137,$.invoice.invoiceLine.invoiceLineAllowances.invoiceLineAllowanceBaseAmount,,,InvoiceLineAllowanceBaseAmount,/Invoice/cac:InvoiceLine/cac:AllowanceCharge[cbc:ChargeIndicator=false()]/cbc:BaseAmount
169,,3,3,A,,Invoice line allowance percentage,Percentage,0..1,,"conjunction with the Invoice line allowance base amount, to calculate the Invoice line allowance amount.",en16931,Invoice line allowance,BT-138,/BG-ROOT/BG-25/BG-27/BT-138,$.invoice.invoiceLine.invoiceLineAllowances.invoiceLineAllowancePercentage,,,InvoiceLineAllowancePercentage,/Invoice/cac:InvoiceLine/cac:AllowanceCharge[cbc:ChargeIndicator=false()]/cbc:MultiplierFactorNumeric
170,,3,3,A,,Invoice line allowance reason,Text,0..1,,Reason for line allowance.,en16931,Invoice line allowance,BT-139,/BG-ROOT/BG-25/BG-27/BT-139,$.invoice.invoiceLine.invoiceLineAllowances.invoiceLineAllowanceReason,,,InvoiceLineAllowanceReason,/Invoice/cac:InvoiceLine/cac:AllowanceCharge[cbc:ChargeIndicator=false()]/cbc:AllowanceChargeReason
171,,3,3,A,,Invoice line allowance reason code,Code,0..1,,"The reason for the Invoice line allowance, expressed as a code. A group of business terms providing",en16931,Invoice line allowance,BT-140,/BG-ROOT/BG-25/BG-27/BT-140,$.invoice.invoiceLine.invoiceLineAllowances.invoiceLineAllowanceReasonCode,,,InvoiceLineAllowanceReasonCode,/Invoice/cac:InvoiceLine/cac:AllowanceCharge[cbc:ChargeIndicator=false()]/cbc:AllowanceChargeReasonCode
172,,2,2,C,,Invoice line charges,,0..*,,information about charges and taxes other than VAT applicable to the individual Invoice line.,en16931,Invoice line charge,BG-28,/BG-ROOT/BG-25/BG-28,$.invoice.invoiceLine.invoiceLineCharges,,,InvoiceLineCharges,/Invoice/cac:InvoiceLine/cac:AllowanceCharge[cbc:ChargeIndicator=true()]
173,,3,3,A,,Invoice line charge amount,Amount,1..1,,"The amount of a charge, without VAT. The base amount that may be used,",en16931,Invoice line charge,BT-141,/BG-ROOT/BG-25/BG-28/BT-141,$.invoice.invoiceLine.invoiceLineCharges.invoiceLineChargeAmount,,,InvoiceLineChargeAmount,/Invoice/cac:InvoiceLine/cac:AllowanceCharge[cbc:ChargeIndicator=true()]/cbc:Amount
174,,3,3,A,,Invoice line charge base amount,Amount,0..1,,"in conjunction with the Invoice line charge percentage, to calculate the Invoice line charge amount. The percentage that may be used, in",en16931,Invoice line charge,BT-142,/BG-ROOT/BG-25/BG-28/BT-142,$.invoice.invoiceLine.invoiceLineCharges.invoiceLineChargeBaseAmount,,,InvoiceLineChargeBaseAmount,/Invoice/cac:InvoiceLine/cac:AllowanceCharge[cbc:ChargeIndicator=true()]/cbc:BaseAmount
175,,3,3,A,,Invoice line charge percentage,Percentage,0..1,,"conjunction with the Invoice line charge base amount, to calculate the Invoice line charge amount.",en16931,Invoice line charge,BT-143,/BG-ROOT/BG-25/BG-28/BT-143,$.invoice.invoiceLine.invoiceLineCharges.invoiceLineChargePercentage,,,InvoiceLineChargePercentage,/Invoice/cac:InvoiceLine/cac:AllowanceCharge[cbc:ChargeIndicator=true()]/cbc:MultiplierFactorNumeric
176,,3,3,A,,Invoice line charge reason,Text,0..1,,"The reason for the Invoice line charge, expressed as text.",en16931,Invoice line charge,BT-144,/BG-ROOT/BG-25/BG-28/BT-144,$.invoice.invoiceLine.invoiceLineCharges.invoiceLineChargeReason,,,InvoiceLineChargeReason,/Invoice/cac:InvoiceLine/cac:AllowanceCharge[cbc:ChargeIndicator=true()]/cbc:AllowanceChargeReason
177,,3,3,A,,Invoice line charge reason code,Code,0..1,,The reason for the Invoice line,en16931,Invoice line charge,BT-145,/BG-ROOT/BG-25/BG-28/BT-145,$.invoice.invoiceLine.invoiceLineCharges.invoiceLineChargeReasonCode,,,InvoiceLineChargeReasonCode,/Invoice/cac:InvoiceLine/cac:AllowanceCharge[cbc:ChargeIndicator=true()]/cbc:AllowanceChargeReasonCode
178,,2,,C,,Price details,,1..1,,"information about the price applied for the goods and services invoiced on the Invoice line. The price of an item, exclusive of",en16931,Price detail,BG-29,/BG-ROOT/BG-25/BG-29,$.invoice.invoiceLine.priceDetails,,,PriceDetails,/Invoice/cac:InvoiceLine/cac:Price
179,,3,2,A,,Item net price,Amount,1..1,,"VAT, after subtracting item price discount. The total discount subtracted from",en16931,Price detail,BT-146,/BG-ROOT/BG-25/BG-29/BT-146,$.invoice.invoiceLine.priceDetails.itemNetPrice,,,ItemNetPrice,/Invoice/cac:InvoiceLine/cac:Price/cbc:PriceAmount
180,,3,2,A,,Item price discount,Amount,0..1,,"the Item gross price to calculate the Item net price. The unit price, exclusive of VAT,",en16931,Price detail,BT-147,/BG-ROOT/BG-25/BG-29/BT-147,$.invoice.invoiceLine.priceDetails.itemPriceDiscount,,,ItemPriceDiscount,/Invoice/cac:InvoiceLine/cac:Price/cac:AllowanceCharge/cbc:Amount
181,,3,2,A,,Item gross price,Amount,0..1,,before subtracting Item price discount.,en16931,Price detail,BT-148,/BG-ROOT/BG-25/BG-29/BT-148,$.invoice.invoiceLine.priceDetails.itemGrossPrice,,,ItemGrossPrice,/Invoice/cac:InvoiceLine/cac:Price/cac:AllowanceCharge/cbc:BaseAmount
182,,3,2,A,,Item price base quantity,Quantity,0..1,,The number of item units to which the price applies. The unit of measure that applies to,en16931,Price detail,BT-149,/BG-ROOT/BG-25/BG-29/BT-149,$.invoice.invoiceLine.priceDetails.itemPriceBaseQuantity,,,ItemPriceBaseQuantity,/Invoice/cac:InvoiceLine/cac:Price/cbc:BaseQuantity
183,,3,2,A,,Item price base quantity unit code,Code,0..1,,the Item price base quantity. A group of business terms providing,en16931,Price detail,BT-150,/BG-ROOT/BG-25/BG-29/BT-150,$.invoice.invoiceLine.priceDetails.itemPriceBaseQuantityUnitCode,,,ItemPriceBaseQuantityUnitCode,/Invoice/cac:InvoiceLine/cac:Price/cbc:BaseQuantity/@unitCode
184,,2,,C,,Line VAT information,,1..1,,information about the VAT,en16931,Line VAT information,BG-30,/BG-ROOT/BG-25/BG-30,$.invoice.invoiceLine.lineVatInformation,,,LineVatInformation,/Invoice/cac:InvoiceLine/cac:Item/cac:ClassifiedTaxCategory
185,,3,2,A,,Invoiced item VAT category code,Code,1..1,,"The VAT rate, represented as",en16931,Line VAT information,BT-151,/BG-ROOT/BG-25/BG-30/BT-151,$.invoice.invoiceLine.lineVatInformation.invoicedItemVatCategoryCode,,,InvoicedItemVatCategoryCode,/Invoice/cac:InvoiceLine/cac:Item/cac:ClassifiedTaxCategory/cbc:ID
186,,3,2,A,,Invoiced item VAT rate,Decimal,0..1,,percentage that applies to the invoiced item. A group of business terms providing information about the goods and,en16931,Line VAT information,BT-152,/BG-ROOT/BG-25/BG-30/BT-152,$.invoice.invoiceLine.lineVatInformation.invoicedItemVatRate,,,InvoicedItemVatRate,/Invoice/cac:InvoiceLine/cac:Item/cac:ClassifiedTaxCategory/cbc:Percent
187,,2,,C,,Item information,,1..1,,A group of business terms providing information about the goods and services invoiced.,en16931,Item information,BG-31,/BG-ROOT/BG-25/BG-31,$.invoice.invoiceLine.itemInformation,,,ItemInformation,/Invoice/cac:InvoiceLine/cac:Item
188,,3,2,A,,Item name,Text,1..1,,A name for an item.,en16931,Item information,BT-153,/BG-ROOT/BG-25/BG-31/BT-153,$.invoice.invoiceLine.itemInformation.itemName,,,ItemName,/Invoice/cac:InvoiceLine/cac:Item/cbc:Name
189,,3,2,A,,Item description,Text,0..1,,A description for an item.,en16931,Item information,BT-154,/BG-ROOT/BG-25/BG-31/BT-154,$.invoice.invoiceLine.itemInformation.itemDescription,,,ItemDescription,/Invoice/cac:InvoiceLine/cac:Item/cbc:Description
190,,3,2,A,,Item seller identifier,Identifier,0..1,,"An identifier, assigned by the Seller, for the item.",en16931,Item information,BT-155,/BG-ROOT/BG-25/BG-31/BT-155,$.invoice.invoiceLine.itemInformation.itemSellerIdentifier,,,ItemSellerIdentifier,/Invoice/cac:InvoiceLine/cac:Item/cac:SellersItemIdentification/cbc:ID
191,,3,2,A,,Item buyer identifier,Identifier,0..1,,"An identifier, assigned by the Buyer, for the item.",en16931,Item information,BT-156,/BG-ROOT/BG-25/BG-31/BT-156,$.invoice.invoiceLine.itemInformation.itemBuyerIdentifier,,,ItemBuyerIdentifier,/Invoice/cac:InvoiceLine/cac:Item/cac:BuyersItemIdentification/cbc:ID
192,,3,2,A,,Item standard identifier,Identifier,0..1,,An item identifier based on a registered scheme.,en16931,Item information,BT-157,/BG-ROOT/BG-25/BG-31/BT-157,$.invoice.invoiceLine.itemInformation.itemStandardIdentifier,,,ItemStandardIdentifier,/Invoice/cac:InvoiceLine/cac:Item/cac:StandardItemIdentification/cbc:ID
193,,3,2,A,,Item classification identifier,Identifier,0..*,,A code for classifying the item by its type or nature.,en16931,Item information,BT-158,/BG-ROOT/BG-25/BG-31/BT-158,$.invoice.invoiceLine.itemInformation.itemClassificationIdentifier,,,ItemClassificationIdentifier,/Invoice/cac:InvoiceLine/cac:Item/cac:CommodityClassification/cbc:ItemClassificationCode
194,,3,2,A,,Item country of origin,Code,0..1,,The code identifying the country from which the item originates.,en16931,Item information,BT-159,/BG-ROOT/BG-25/BG-31/BT-159,$.invoice.invoiceLine.itemInformation.itemCountryOfOrigin,,,ItemCountryOfOrigin,/Invoice/cac:InvoiceLine/cac:Item/cac:OriginCountry/cbc:IdentificationCode
195,,3,2,C,,Item attributes,,0..*,,A group of business terms providing information about properties of the goods and services invoiced.,en16931,Item attribute,BG-32,/BG-ROOT/BG-25/BG-31/BG-32,$.invoice.invoiceLine.itemInformation.itemAttributes,,,ItemAttributes,/Invoice/cac:InvoiceLine/cac:Item/cac:AdditionalItemProperty
196,,4,3,A,,Item attribute name,Text,1..1,,The name of the attribute or property of the item.,en16931,Item attribute,BT-160,/BG-ROOT/BG-25/BG-31/BG-32/BT-160,$.invoice.invoiceLine.itemInformation.itemAttributes.itemAttributeName,,,ItemAttributeName,/Invoice/cac:InvoiceLine/cac:Item/cac:AdditionalItemProperty/cbc:Name
197,,4,3,A,,Item attribute value,Text,1..1,,The value of the attribute or property of the item.,en16931,Item attribute,BT-161,/BG-ROOT/BG-25/BG-31/BG-32/BT-161,$.invoice.invoiceLine.itemInformation.itemAttributes.itemAttributeValue,,,ItemAttributeValue,/Invoice/cac:InvoiceLine/cac:Item/cac:AdditionalItemProperty/cbc:Value
